Computing baselines for 342 channel(s). Mature cutoff: 2026-03-25T06:36:14.865099+00:00. Current-baseline window start: 2024-09-21T06:36:14.865099+00:00.
#RideShimano (UC59yKnPGlOmpy4YQtv8dH-Q): pool shorts=15 long-form=51; current baseline shorts=[views, likes, comments] long-form=[views, likes, comments]; young updated 61 (shorts=44, long-form=17, unknown-format=0)
  era: 94 mature video(s) -- 6mo=88, 12mo=6, fallback=0, insufficient=0; updated 94 in 74 write group(s)
226ERS (UCEjLhcNG_8xAzRX9xIdD-PA): pool shorts=23 long-form=5; current baseline shorts=[views, likes, comments] long-form=[none]; young updated 27 (shorts=21, long-form=6, unknown-format=0)
  era: 43 mature video(s) -- 6mo=24, 12mo=17, fallback=1, insufficient=1; updated 43 in 23 write group(s)
2XU (UCptLXcaw-1DB13k7R5qWWHQ): pool shorts=13 long-form=31; current baseline shorts=[views, likes, comments] long-form=[views, likes, comments]; young updated 0 (shorts=0, long-form=0, unknown-format=0)
  era: 46 mature video(s) -- 6mo=31, 12mo=13, fallback=2, insufficient=0; updated 46 in 22 write group(s)
6d Sports Nutrition (UCSvTVw8hn4obMbArefHPW9w): pool shorts=0 long-form=2; current baseline shorts=[none] long-form=[none]; young updated 12 (shorts=12, long-form=0, unknown-format=0)
  era: 2 mature video(s) -- 6mo=0, 12mo=0, fallback=0, insufficient=2; updated 2 in 1 write group(s)
Abbott World Marathon Majors (UCuJvEuTBGn-iLucuhFdEjwQ): pool shorts=109 long-form=70; current baseline shorts=[views, likes, comments] long-form=[views, likes, comments]; young updated 45 (shorts=29, long-form=16, unknown-format=0)
  era: 190 mature video(s) -- 6mo=178, 12mo=4, fallback=8, insufficient=0; updated 190 in 133 write group(s)
Adam Ramsay-Peaty (UCrdyrgdIelmIn0Y3GiMBRCQ): pool shorts=0 long-form=0; current baseline shorts=[none] long-form=[none]; young updated 17 (shorts=14, long-form=3, unknown-format=0)
  era: 0 mature video(s) -- 6mo=0, 12mo=0, fallback=0, insufficient=0; updated 0 in 0 write group(s)
adidas (UCuLUOxd7ezJ8c6NSLBNRRfg): pool shorts=553 long-form=85; current baseline shorts=[views, likes, comments] long-form=[views, likes, comments]; young updated 220 (shorts=192, long-form=28, unknown-format=0)
  era: 812 mature video(s) -- 6mo=812, 12mo=0, fallback=0, insufficient=0; updated 812 in 699 write group(s)
Aero Coach (UChMyXhWjHwyuqYlIJ6ikDgA): pool shorts=0 long-form=3; current baseline shorts=[none] long-form=[none]; young updated 0 (shorts=0, long-form=0, unknown-format=0)
  era: 3 mature video(s) -- 6mo=0, 12mo=0, fallback=0, insufficient=3; updated 3 in 1 write group(s)
AG1 (UC_h93pIJS9IWSBaiREG5fMA): pool shorts=80 long-form=52; current baseline shorts=[views, likes, comments] long-form=[views, likes, comments]; young updated 66 (shorts=63, long-form=3, unknown-format=0)
  era: 211 mature video(s) -- 6mo=207, 12mo=4, fallback=0, insufficient=0; updated 211 in 131 write group(s)
Alé Cycling (UCyOIq_1UijOszmIbLSnnL7Q): pool shorts=0 long-form=26; current baseline shorts=[none] long-form=[views, likes, comments]; young updated 7 (shorts=1, long-form=6, unknown-format=0)
  era: 41 mature video(s) -- 6mo=37, 12mo=3, fallback=0, insufficient=1; updated 41 in 24 write group(s)
Alex Yee (UCmMUmmqFPkq1kgs6zCxPZrA): pool shorts=9 long-form=9; current baseline shorts=[none] long-form=[none]; young updated 2 (shorts=0, long-form=2, unknown-format=0)
  era: 18 mature video(s) -- 6mo=0, 12mo=0, fallback=0, insufficient=18; updated 18 in 1 write group(s)
Allie Ostrander (UCn5hg2riwFTCNif80JbaA8A): pool shorts=260 long-form=104; current baseline shorts=[views, likes, comments] long-form=[views, likes, comments]; young updated 67 (shorts=36, long-form=31, unknown-format=0)
  era: 551 mature video(s) -- 6mo=551, 12mo=0, fallback=0, insufficient=0; updated 551 in 486 write group(s)
Alltricks (UCIofJq8Lv1OkAAuBOzB47Ng): pool shorts=71 long-form=29; current baseline shorts=[views, likes, comments] long-form=[views, likes, comments]; young updated 38 (shorts=36, long-form=2, unknown-format=0)
  era: 124 mature video(s) -- 6mo=119, 12mo=4, fallback=1, insufficient=0; updated 124 in 72 write group(s)
Alpecin - Premier Tech (UCul2imagVKz20u1CKgCcfbw): pool shorts=0 long-form=3; current baseline shorts=[none] long-form=[none]; young updated 15 (shorts=11, long-form=4, unknown-format=0)
  era: 3 mature video(s) -- 6mo=0, 12mo=0, fallback=0, insufficient=3; updated 3 in 1 write group(s)
Altra Running (UC1LU8rvHLxjDjyvym57EDtA): pool shorts=26 long-form=58; current baseline shorts=[views, likes, comments] long-form=[views, likes, comments]; young updated 32 (shorts=18, long-form=14, unknown-format=0)
  era: 99 mature video(s) -- 6mo=87, 12mo=10, fallback=2, insufficient=0; updated 99 in 70 write group(s)
Amacx Sports Nutrition (UC8gQkdGrZ-_B8-aMINWbR_g): pool shorts=18 long-form=9; current baseline shorts=[views, likes, comments] long-form=[none]; young updated 17 (shorts=8, long-form=9, unknown-format=0)
  era: 63 mature video(s) -- 6mo=53, 12mo=8, fallback=1, insufficient=1; updated 63 in 24 write group(s)
Andrew Sheaff (UC7Ad8gZFwkCPaua8FVEzevw): pool shorts=665 long-form=316; current baseline shorts=[views, likes, comments] long-form=[views, likes, comments]; young updated 361 (shorts=306, long-form=55, unknown-format=0)
  era: 1428 mature video(s) -- 6mo=1428, 12mo=0, fallback=0, insufficient=0; updated 1428 in 1049 write group(s)
Aquasphere Swim (UCwkeOs5GGCvNEq5_7mFmpGQ): pool shorts=0 long-form=1; current baseline shorts=[none] long-form=[none]; young updated 0 (shorts=0, long-form=0, unknown-format=0)
  era: 1 mature video(s) -- 6mo=0, 12mo=0, fallback=0, insufficient=1; updated 1 in 1 write group(s)
Aquatics GB (UC5GyHWsbs7O5m5LohjpKoaQ): pool shorts=102 long-form=179; current baseline shorts=[views, likes, comments] long-form=[views, likes, comments]; young updated 111 (shorts=15, long-form=96, unknown-format=0)
  era: 379 mature video(s) -- 6mo=378, 12mo=1, fallback=0, insufficient=0; updated 379 in 286 write group(s)
Aravaipa Running (UCOeUnUZ4zuWX4yBYAT5OaAQ): pool shorts=12 long-form=161; current baseline shorts=[views, likes, comments] long-form=[views, likes, comments]; young updated 39 (shorts=0, long-form=39, unknown-format=0)
  era: 258 mature video(s) -- 6mo=256, 12mo=2, fallback=0, insufficient=0; updated 258 in 191 write group(s)
arena  (UCUc6xRw-zYcXXU-Zz0VIEpA): pool shorts=45 long-form=52; current baseline shorts=[views, likes, comments] long-form=[views, likes, comments]; young updated 42 (shorts=30, long-form=12, unknown-format=0)
  era: 148 mature video(s) -- 6mo=148, 12mo=0, fallback=0, insufficient=0; updated 148 in 96 write group(s)
Argon 18 (UCd1HJHU35xIGO2MXOZ1T_ew): pool shorts=5 long-form=5; current baseline shorts=[none] long-form=[none]; young updated 3 (shorts=2, long-form=1, unknown-format=0)
  era: 22 mature video(s) -- 6mo=1, 12mo=13, fallback=0, insufficient=8; updated 22 in 7 write group(s)
Ari Klau (UC1CO8t_x0anjntGpV_Jkt5w): pool shorts=2 long-form=24; current baseline shorts=[none] long-form=[views, likes, comments]; young updated 1 (shorts=0, long-form=1, unknown-format=0)
  era: 48 mature video(s) -- 6mo=40, 12mo=5, fallback=0, insufficient=3; updated 48 in 42 write group(s)
ASICS (UCcmYRPv2dNVkSWgCp_5M7yA): pool shorts=58 long-form=39; current baseline shorts=[views, likes, comments] long-form=[views, likes, comments]; young updated 35 (shorts=22, long-form=13, unknown-format=0)
  era: 157 mature video(s) -- 6mo=154, 12mo=3, fallback=0, insufficient=0; updated 157 in 108 write group(s)
ASSOS of Switzerland (UCgS2H1nSzBL2F2LbDCQGi3Q): pool shorts=1 long-form=52; current baseline shorts=[none] long-form=[views, likes, comments]; young updated 7 (shorts=0, long-form=7, unknown-format=0)
  era: 69 mature video(s) -- 6mo=62, 12mo=3, fallback=0, insufficient=4; updated 69 in 49 write group(s)
Ato Cycling (UC3NHkDgmH0twM_rSJiGPO2w): pool shorts=6 long-form=13; current baseline shorts=[none] long-form=[views, likes, comments]; young updated 6 (shorts=0, long-form=6, unknown-format=0)
  era: 19 mature video(s) -- 6mo=4, 12mo=9, fallback=0, insufficient=6; updated 19 in 11 write group(s)
Basso Bikes (UCxwuZGGN1t-8oVkuVxo67qQ): pool shorts=1 long-form=7; current baseline shorts=[none] long-form=[none]; young updated 0 (shorts=0, long-form=0, unknown-format=0)
  era: 11 mature video(s) -- 6mo=0, 12mo=0, fallback=0, insufficient=11; updated 11 in 1 write group(s)
Bell Helmets (UCHO4YJK7y2l6Z8rpX3sL70g): pool shorts=101 long-form=12; current baseline shorts=[views, likes, comments] long-form=[views, likes, comments]; young updated 35 (shorts=31, long-form=4, unknown-format=0)
  era: 133 mature video(s) -- 6mo=120, 12mo=8, fallback=5, insufficient=0; updated 133 in 85 write group(s)
Ben and Courtney Kanute (UCpjyzD2IhJ8FaT3hSoqlZWg): pool shorts=29 long-form=44; current baseline shorts=[views, likes, comments] long-form=[views, likes, comments]; young updated 14 (shorts=3, long-form=11, unknown-format=0)
  era: 108 mature video(s) -- 6mo=93, 12mo=15, fallback=0, insufficient=0; updated 108 in 62 write group(s)
Ben Is Running (UC-vlZFFRyWKx-d3LpoAhNfg): pool shorts=50 long-form=82; current baseline shorts=[views, likes, comments] long-form=[views, likes, comments]; young updated 36 (shorts=7, long-form=29, unknown-format=0)
  era: 221 mature video(s) -- 6mo=214, 12mo=7, fallback=0, insufficient=0; updated 221 in 185 write group(s)
Ben Parkes (UCZPqG0yh_xPm2AyLjffbDvw): pool shorts=0 long-form=102; current baseline shorts=[none] long-form=[views, likes, comments]; young updated 26 (shorts=0, long-form=26, unknown-format=0)
  era: 171 mature video(s) -- 6mo=171, 12mo=0, fallback=0, insufficient=0; updated 171 in 151 write group(s)
BERRIA Bikes (UCKBpxa-FPFlDNBb68qaxWIQ): pool shorts=11 long-form=9; current baseline shorts=[views, likes, comments] long-form=[none]; young updated 1 (shorts=0, long-form=1, unknown-format=0)
  era: 21 mature video(s) -- 6mo=11, 12mo=0, fallback=0, insufficient=10; updated 21 in 6 write group(s)
BH Bikes TV (UC1EUrwPLibbQE_Q-Is9zc6A): pool shorts=59 long-form=17; current baseline shorts=[views, likes, comments] long-form=[views, likes, comments]; young updated 15 (shorts=8, long-form=7, unknown-format=0)
  era: 257 mature video(s) -- 6mo=245, 12mo=12, fallback=0, insufficient=0; updated 257 in 199 write group(s)
Bianchi Official (UCmkcOpYAKNMtbzPmmPFWGpg): pool shorts=6 long-form=10; current baseline shorts=[none] long-form=[views, likes, comments]; young updated 5 (shorts=0, long-form=5, unknown-format=0)
  era: 21 mature video(s) -- 6mo=0, 12mo=2, fallback=13, insufficient=6; updated 21 in 4 write group(s)
Bike-Discount (UCu-wUGvfXh5R7kjQYoB4yfA): pool shorts=0 long-form=1; current baseline shorts=[none] long-form=[none]; young updated 5 (shorts=3, long-form=2, unknown-format=0)
  era: 3 mature video(s) -- 6mo=0, 12mo=0, fallback=0, insufficient=3; updated 3 in 1 write group(s)
BIKE24 (UCSswxqJtZoZK2r5imNog_NA): pool shorts=325 long-form=86; current baseline shorts=[views, likes, comments] long-form=[views, likes, comments]; young updated 163 (shorts=118, long-form=45, unknown-format=0)
  era: 498 mature video(s) -- 6mo=496, 12mo=2, fallback=0, insufficient=0; updated 498 in 404 write group(s)
Billy Yang (UCScHdYFS_KBduqkRBjbQNuA): pool shorts=0 long-form=8; current baseline shorts=[none] long-form=[none]; young updated 0 (shorts=0, long-form=0, unknown-format=0)
  era: 18 mature video(s) -- 6mo=0, 12mo=9, fallback=0, insufficient=9; updated 18 in 8 write group(s)
Bioracer (UCOdU-9QqtR57WZv0Kkt71GA): pool shorts=0 long-form=0; current baseline shorts=[none] long-form=[none]; young updated 5 (shorts=0, long-form=5, unknown-format=0)
  era: 3 mature video(s) -- 6mo=0, 12mo=0, fallback=0, insufficient=3; updated 3 in 1 write group(s)
Blueseventy USA (UCBwAfY5PPOMU7sUf7QZKDPQ): no videos
BMC  (UC0w4MOUuzS6bxq_Qt9rEDfg): pool shorts=0 long-form=7; current baseline shorts=[none] long-form=[none]; young updated 4 (shorts=0, long-form=4, unknown-format=0)
  era: 28 mature video(s) -- 6mo=20, 12mo=6, fallback=0, insufficient=2; updated 28 in 20 write group(s)
CADE Media (UCHyBWpfAggsFPDc5A7l_eWA): pool shorts=51 long-form=221; current baseline shorts=[views, likes, comments] long-form=[views, likes, comments]; young updated 175 (shorts=115, long-form=60, unknown-format=0)
  era: 425 mature video(s) -- 6mo=415, 12mo=10, fallback=0, insufficient=0; updated 425 in 357 write group(s)
Cádomotus Triathlon & Speedskating (UCKO00nGdQgRpPDcT-RGgBLw): pool shorts=0 long-form=1; current baseline shorts=[none] long-form=[none]; young updated 0 (shorts=0, long-form=0, unknown-format=0)
  era: 3 mature video(s) -- 6mo=0, 12mo=0, fallback=0, insufficient=3; updated 3 in 1 write group(s)
Caeleb Dressel (UC0z4-iSjSOvfX8JvSyO_19Q): pool shorts=25 long-form=16; current baseline shorts=[views, likes, comments] long-form=[views, likes, comments]; young updated 0 (shorts=0, long-form=0, unknown-format=0)
  era: 41 mature video(s) -- 6mo=41, 12mo=0, fallback=0, insufficient=0; updated 41 in 19 write group(s)
Calvyn Justus (UCKXStBewRPJrSgbzhMB2GWQ): pool shorts=2 long-form=11; current baseline shorts=[none] long-form=[views, likes, comments]; young updated 0 (shorts=0, long-form=0, unknown-format=0)
  era: 13 mature video(s) -- 6mo=0, 12mo=11, fallback=0, insufficient=2; updated 13 in 7 write group(s)
Cam Nicholls (UCCkL8DHm5KSE5MiDWepOHUw): pool shorts=0 long-form=24; current baseline shorts=[none] long-form=[views, likes, comments]; young updated 6 (shorts=1, long-form=5, unknown-format=0)
  era: 47 mature video(s) -- 6mo=46, 12mo=1, fallback=0, insufficient=0; updated 47 in 42 write group(s)
Campagnolo Official (UCR8ASXXdLo78hJxiRAZi-zw): pool shorts=0 long-form=33; current baseline shorts=[none] long-form=[views, likes, comments]; young updated 2 (shorts=0, long-form=2, unknown-format=0)
  era: 37 mature video(s) -- 6mo=33, 12mo=1, fallback=3, insufficient=0; updated 37 in 12 write group(s)
Cannondale Bicycles (UCMMyLn7sQJtlvvW1jgXz3RA): pool shorts=223 long-form=86; current baseline shorts=[views, likes, comments] long-form=[views, likes, comments]; young updated 206 (shorts=185, long-form=21, unknown-format=0)
  era: 484 mature video(s) -- 6mo=484, 12mo=0, fallback=0, insufficient=0; updated 484 in 403 write group(s)
Canyon (UCEMrO4N3mswohzIOsIftFDA): pool shorts=261 long-form=21; current baseline shorts=[views, likes, comments] long-form=[views, likes, comments]; young updated 114 (shorts=94, long-form=20, unknown-format=0)
  era: 443 mature video(s) -- 6mo=441, 12mo=2, fallback=0, insufficient=0; updated 443 in 381 write group(s)
CANYON-SRAM  (UCR6iC8sHqdyWurXiT1Y_kLw): pool shorts=4 long-form=10; current baseline shorts=[none] long-form=[views, likes, comments]; young updated 43 (shorts=19, long-form=24, unknown-format=0)
  era: 28 mature video(s) -- 6mo=0, 12mo=4, fallback=11, insufficient=13; updated 28 in 6 write group(s)
Casper Stornes - Triathlete (UCRfnuq3x5PMO0gs2Y9jo99Q): pool shorts=13 long-form=7; current baseline shorts=[views, likes, comments] long-form=[none]; young updated 2 (shorts=0, long-form=2, unknown-format=0)
  era: 20 mature video(s) -- 6mo=0, 12mo=10, fallback=3, insufficient=7; updated 20 in 9 write group(s)
Cassandre Beaugrand (UC7m1z2OwPIpeTHIUOJmkw-A): pool shorts=0 long-form=3; current baseline shorts=[none] long-form=[none]; young updated 5 (shorts=0, long-form=5, unknown-format=0)
  era: 3 mature video(s) -- 6mo=0, 12mo=0, fallback=0, insufficient=3; updated 3 in 1 write group(s)
Castelli Cycling (UCPgcmhPjeKo3mii2oZR7RIw): pool shorts=16 long-form=26; current baseline shorts=[views, likes, comments] long-form=[views, likes, comments]; young updated 16 (shorts=7, long-form=9, unknown-format=0)
  era: 90 mature video(s) -- 6mo=83, 12mo=6, fallback=1, insufficient=0; updated 90 in 73 write group(s)
Cervélo (UCCZEhVnOZ6Pmph57Q08g0RA): pool shorts=3 long-form=4; current baseline shorts=[none] long-form=[none]; young updated 4 (shorts=3, long-form=1, unknown-format=0)
  era: 7 mature video(s) -- 6mo=0, 12mo=0, fallback=0, insufficient=7; updated 7 in 1 write group(s)
Challenge Family Triathlon (UCn48f1SClNIF5tctiukJN9w): pool shorts=2 long-form=107; current baseline shorts=[none] long-form=[views, likes, comments]; young updated 34 (shorts=1, long-form=33, unknown-format=0)
  era: 191 mature video(s) -- 6mo=189, 12mo=0, fallback=0, insufficient=2; updated 191 in 124 write group(s)
Charles Hicks (UCJr5rWIAMe3XVbqOmQktD1A): pool shorts=10 long-form=4; current baseline shorts=[views, likes, comments] long-form=[none]; young updated 6 (shorts=3, long-form=3, unknown-format=0)
  era: 22 mature video(s) -- 6mo=0, 12mo=0, fallback=10, insufficient=12; updated 22 in 2 write group(s)
Chris Hall (UCBBrPAEa61jeKMARU39O1hQ): pool shorts=40 long-form=161; current baseline shorts=[views, likes, comments] long-form=[views, likes, comments]; young updated 57 (shorts=20, long-form=37, unknown-format=0)
  era: 331 mature video(s) -- 6mo=327, 12mo=4, fallback=0, insufficient=0; updated 331 in 266 write group(s)
Ciclismo CajaRural-SegurosRGA (UCdj2Z31ESHhKuwDvfA-gAsA): pool shorts=0 long-form=3; current baseline shorts=[none] long-form=[none]; young updated 1 (shorts=0, long-form=1, unknown-format=0)
  era: 4 mature video(s) -- 6mo=0, 12mo=0, fallback=0, insufficient=4; updated 4 in 1 write group(s)
Cinelli Bicycles Official (UCCaqT6HHtyYBzpQ3DK26UzQ): pool shorts=31 long-form=14; current baseline shorts=[views, likes, comments] long-form=[views, likes, comments]; young updated 6 (shorts=4, long-form=2, unknown-format=0)
  era: 64 mature video(s) -- 6mo=47, 12mo=12, fallback=5, insufficient=0; updated 64 in 45 write group(s)
Clayton Young (UCH-IFmmrHATR37Dj7umRdBg): pool shorts=5 long-form=18; current baseline shorts=[none] long-form=[views, likes, comments]; young updated 6 (shorts=0, long-form=6, unknown-format=0)
  era: 44 mature video(s) -- 6mo=32, 12mo=3, fallback=0, insufficient=9; updated 44 in 26 write group(s)
Cody Miller (UCw3XVQDJjdlFQIKGc1yp3gQ): pool shorts=39 long-form=60; current baseline shorts=[views, likes, comments] long-form=[views, likes, comments]; young updated 3 (shorts=0, long-form=3, unknown-format=0)
  era: 237 mature video(s) -- 6mo=234, 12mo=3, fallback=0, insufficient=0; updated 237 in 192 write group(s)
Cole Hocker (UCTMILrsABq1tQfVkFxy5qiQ): pool shorts=20 long-form=26; current baseline shorts=[views, likes, comments] long-form=[views, likes, comments]; young updated 5 (shorts=1, long-form=4, unknown-format=0)
  era: 86 mature video(s) -- 6mo=76, 12mo=10, fallback=0, insufficient=0; updated 86 in 65 write group(s)
Colin James (UCZ9FHhcIR_qf6l8KOu2m4eA): pool shorts=1 long-form=41; current baseline shorts=[none] long-form=[views, likes, comments]; young updated 35 (shorts=1, long-form=34, unknown-format=0)
  era: 43 mature video(s) -- 6mo=40, 12mo=1, fallback=1, insufficient=1; updated 43 in 18 write group(s)
ColnagoWorld (UCOYdXcCk_YmZXDRgznQv2nw): pool shorts=5 long-form=33; current baseline shorts=[none] long-form=[views, likes, comments]; young updated 11 (shorts=3, long-form=8, unknown-format=0)
  era: 90 mature video(s) -- 6mo=83, 12mo=7, fallback=0, insufficient=0; updated 90 in 54 write group(s)
COMPRESSPORT (UC7vFZGwnvdTXQnP3TQgEh5A): pool shorts=15 long-form=13; current baseline shorts=[views, likes, comments] long-form=[views, likes, comments]; young updated 20 (shorts=7, long-form=13, unknown-format=0)
  era: 42 mature video(s) -- 6mo=6, 12mo=25, fallback=11, insufficient=0; updated 42 in 22 write group(s)
COROS (UC55-9MGcJNCsjqJkd92QaOQ): pool shorts=29 long-form=22; current baseline shorts=[views, likes, comments] long-form=[views, likes, comments]; young updated 43 (shorts=34, long-form=9, unknown-format=0)
  era: 87 mature video(s) -- 6mo=85, 12mo=2, fallback=0, insufficient=0; updated 87 in 65 write group(s)
Craft Sportswear (UC7Sl5taZHANGKIdBQjjO1Lw): pool shorts=8 long-form=22; current baseline shorts=[none] long-form=[views, likes, comments]; young updated 17 (shorts=14, long-form=3, unknown-format=0)
  era: 41 mature video(s) -- 6mo=25, 12mo=8, fallback=0, insufficient=8; updated 41 in 29 write group(s)
CUBE Bikes (UCF9SrU6740dK8TmW9adIRkQ): pool shorts=15 long-form=37; current baseline shorts=[views, likes, comments] long-form=[views, likes, comments]; young updated 66 (shorts=1, long-form=65, unknown-format=0)
  era: 76 mature video(s) -- 6mo=73, 12mo=3, fallback=0, insufficient=0; updated 76 in 57 write group(s)
Daniel Baekkegard - Triathlete (UCRzwfX1kxKTyb6IeZpik9OQ): pool shorts=13 long-form=18; current baseline shorts=[views, likes, comments] long-form=[views, likes, comments]; young updated 5 (shorts=2, long-form=3, unknown-format=0)
  era: 93 mature video(s) -- 6mo=81, 12mo=4, fallback=8, insufficient=0; updated 93 in 74 write group(s)
David and Megan Roche (UCsmCt0QHAzvNbM0FSe11QAA): pool shorts=11 long-form=18; current baseline shorts=[views, likes, comments] long-form=[views, likes, comments]; young updated 12 (shorts=1, long-form=11, unknown-format=0)
  era: 30 mature video(s) -- 6mo=17, 12mo=13, fallback=0, insufficient=0; updated 30 in 20 write group(s)
David Arthur - Just Ride Bikes (UCybgi4WCjGaoEEVjB7tBfCg): pool shorts=180 long-form=252; current baseline shorts=[views, likes, comments] long-form=[views, likes, comments]; young updated 163 (shorts=81, long-form=82, unknown-format=0)
  era: 773 mature video(s) -- 6mo=773, 12mo=0, fallback=0, insufficient=0; updated 773 in 676 write group(s)
deboer swim (UCy-DGgIicyyIhFqeFwQANxA): pool shorts=10 long-form=14; current baseline shorts=[views, likes, comments] long-form=[views, likes, comments]; young updated 1 (shorts=0, long-form=1, unknown-format=0)
  era: 59 mature video(s) -- 6mo=38, 12mo=19, fallback=2, insufficient=0; updated 59 in 24 write group(s)
DECATHLON CMA CGM TEAM (UCYygbkCUJAdsaRfH3L1y98w): pool shorts=207 long-form=28; current baseline shorts=[views, likes, comments] long-form=[views, likes, comments]; young updated 213 (shorts=197, long-form=16, unknown-format=0)
  era: 351 mature video(s) -- 6mo=349, 12mo=2, fallback=0, insufficient=0; updated 351 in 279 write group(s)
Decathlon FR (UCUq8JEJ0_NV_izL0xth4IiA): pool shorts=149 long-form=121; current baseline shorts=[views, likes, comments] long-form=[views, likes, comments]; young updated 113 (shorts=68, long-form=45, unknown-format=0)
  era: 752 mature video(s) -- 6mo=752, 12mo=0, fallback=0, insufficient=0; updated 752 in 604 write group(s)
DedaElementi (UCQ6eeLEDFjnew1A1jbdmhGg): pool shorts=0 long-form=4; current baseline shorts=[none] long-form=[none]; young updated 1 (shorts=0, long-form=1, unknown-format=0)
  era: 5 mature video(s) -- 6mo=0, 12mo=0, fallback=0, insufficient=5; updated 5 in 1 write group(s)
Deporvillage (UCB-pJmFMmgjKPKkQ2-bVUpw): pool shorts=16 long-form=1; current baseline shorts=[views, likes, comments] long-form=[none]; young updated 35 (shorts=30, long-form=5, unknown-format=0)
  era: 18 mature video(s) -- 6mo=16, 12mo=0, fallback=0, insufficient=2; updated 18 in 5 write group(s)
DMT Cycling (UC5IDnuY7eAcU6WeLpmAxnWA): pool shorts=0 long-form=4; current baseline shorts=[none] long-form=[none]; young updated 2 (shorts=0, long-form=2, unknown-format=0)
  era: 4 mature video(s) -- 6mo=0, 12mo=0, fallback=0, insufficient=4; updated 4 in 1 write group(s)
dsm-firmenich Running Team (UCn67RpOfpZk0a8ZPpBNgMsg): pool shorts=8 long-form=25; current baseline shorts=[none] long-form=[views, likes, comments]; young updated 2 (shorts=0, long-form=2, unknown-format=0)
  era: 50 mature video(s) -- 6mo=36, 12mo=6, fallback=0, insufficient=8; updated 50 in 35 write group(s)
Dylan Harris (UCYqGw6Mo9cbtMv5c6tFA_Ww): pool shorts=2 long-form=1; current baseline shorts=[none] long-form=[none]; young updated 1 (shorts=0, long-form=1, unknown-format=0)
  era: 8 mature video(s) -- 6mo=0, 12mo=0, fallback=0, insufficient=8; updated 8 in 1 write group(s)
Dylan Johnson (UCIf1xvRN8pzyd_VfLgj_dow): pool shorts=23 long-form=9; current baseline shorts=[views, likes, comments] long-form=[none]; young updated 9 (shorts=3, long-form=6, unknown-format=0)
  era: 43 mature video(s) -- 6mo=24, 12mo=15, fallback=0, insufficient=4; updated 43 in 24 write group(s)
Eetu Karvonen (UC3gwqZWyei1QWP7lDrKZfdw): pool shorts=407 long-form=94; current baseline shorts=[views, likes, comments] long-form=[views, likes, comments]; young updated 22 (shorts=0, long-form=22, unknown-format=0)
  era: 501 mature video(s) -- 6mo=501, 12mo=0, fallback=0, insufficient=0; updated 501 in 368 write group(s)
EF Pro Cycling (UCc1lFRTifsxsW3-QzFN-Eaw): pool shorts=130 long-form=78; current baseline shorts=[views, comments] long-form=[views, comments]; young updated 53 (shorts=11, long-form=42, unknown-format=0)
  era: 303 mature video(s) -- 6mo=0, 12mo=303, fallback=0, insufficient=0; updated 303 in 205 write group(s)
Effortless Swimming (UCKoeXneqNktkY1ijItuKFBQ): pool shorts=251 long-form=62; current baseline shorts=[views, likes, comments] long-form=[views, likes, comments]; young updated 107 (shorts=86, long-form=21, unknown-format=0)
  era: 598 mature video(s) -- 6mo=598, 12mo=0, fallback=0, insufficient=0; updated 598 in 480 write group(s)
Ekoï (UCmmDvGrMrg54j_Is_y63oTw): pool shorts=181 long-form=121; current baseline shorts=[views, likes, comments] long-form=[views, likes, comments]; young updated 26 (shorts=1, long-form=25, unknown-format=0)
  era: 391 mature video(s) -- 6mo=391, 12mo=0, fallback=0, insufficient=0; updated 391 in 277 write group(s)
enduranceID (UC2FmsQISxWoaCDu0d2blZhQ): pool shorts=254 long-form=29; current baseline shorts=[views, likes, comments] long-form=[views, likes, comments]; young updated 332 (shorts=310, long-form=22, unknown-format=0)
  era: 284 mature video(s) -- 6mo=281, 12mo=3, fallback=0, insufficient=0; updated 284 in 232 write group(s)
enervitsport (UCIt8bgDcpOIKIpQPB5LSylQ): pool shorts=2 long-form=7; current baseline shorts=[none] long-form=[none]; young updated 1 (shorts=0, long-form=1, unknown-format=0)
  era: 18 mature video(s) -- 6mo=0, 12mo=1, fallback=0, insufficient=17; updated 18 in 2 write group(s)
ENVE Composites (UCiVN-V-b4cy8E2eV2IYpJGQ): pool shorts=0 long-form=19; current baseline shorts=[none] long-form=[views, likes, comments]; young updated 8 (shorts=0, long-form=8, unknown-format=0)
  era: 28 mature video(s) -- 6mo=13, 12mo=10, fallback=4, insufficient=1; updated 28 in 17 write group(s)
Epic Series (UCpr8fMJTBl3WLYIogQzGiOQ): pool shorts=106 long-form=231; current baseline shorts=[views, likes, comments] long-form=[views, likes, comments]; young updated 90 (shorts=44, long-form=46, unknown-format=0)
  era: 494 mature video(s) -- 6mo=494, 12mo=0, fallback=0, insufficient=0; updated 494 in 371 write group(s)
Equipe Cycliste Groupama-FDJ United (UCV7Kg31z9NB5r50l5EEzk4A): pool shorts=82 long-form=13; current baseline shorts=[views, likes, comments] long-form=[views, likes, comments]; young updated 92 (shorts=81, long-form=11, unknown-format=0)
  era: 102 mature video(s) -- 6mo=87, 12mo=10, fallback=5, insufficient=0; updated 102 in 66 write group(s)
Equipo Kern Pharma (UC6Jz-GQTjJJodpk9kBQj46A): pool shorts=7 long-form=20; current baseline shorts=[none] long-form=[views, likes, comments]; young updated 27 (shorts=10, long-form=17, unknown-format=0)
  era: 68 mature video(s) -- 6mo=56, 12mo=4, fallback=0, insufficient=8; updated 68 in 45 write group(s)
Etixx Sports Nutrition (UCBfuEHJGlTPRP3w155TRT0w): pool shorts=15 long-form=4; current baseline shorts=[views, likes, comments] long-form=[none]; young updated 13 (shorts=11, long-form=2, unknown-format=0)
  era: 27 mature video(s) -- 6mo=12, 12mo=6, fallback=3, insufficient=6; updated 27 in 12 write group(s)
European Aquatics (UC6oB4Kqo6dL8Cg3j3l_R_fg): pool shorts=69 long-form=274; current baseline shorts=[views, likes, comments] long-form=[views, likes, comments]; young updated 295 (shorts=199, long-form=96, unknown-format=0)
  era: 1103 mature video(s) -- 6mo=1100, 12mo=3, fallback=0, insufficient=0; updated 1103 in 800 write group(s)
European Athletics (UCp21zu_8Hd0w9HULooemRCA): pool shorts=724 long-form=728; current baseline shorts=[views, likes, comments] long-form=[views, likes, comments]; young updated 472 (shorts=234, long-form=238, unknown-format=0)
  era: 1808 mature video(s) -- 6mo=1808, 12mo=0, fallback=0, insufficient=0; updated 1808 in 1459 write group(s)
Evans Cycles (UChxjTvLPLP1tWt2ipLXRCXg): pool shorts=10 long-form=25; current baseline shorts=[views, likes, comments] long-form=[views, likes, comments]; young updated 0 (shorts=0, long-form=0, unknown-format=0)
  era: 45 mature video(s) -- 6mo=22, 12mo=13, fallback=10, insufficient=0; updated 45 in 22 write group(s)
Factor Bikes (UCEqdqcTAh58c9X5bYhbIaqw): pool shorts=5 long-form=21; current baseline shorts=[none] long-form=[views, likes, comments]; young updated 6 (shorts=1, long-form=5, unknown-format=0)
  era: 29 mature video(s) -- 6mo=16, 12mo=5, fallback=2, insufficient=6; updated 29 in 11 write group(s)
FANTÉ (UCmVy7hgy9EXdxlCwD1eb5yw): pool shorts=84 long-form=13; current baseline shorts=[views, likes, comments] long-form=[views, likes, comments]; young updated 20 (shorts=11, long-form=9, unknown-format=0)
  era: 229 mature video(s) -- 6mo=221, 12mo=3, fallback=5, insufficient=0; updated 229 in 140 write group(s)
Fares Ksebati (UChaZYqHG3YPWIHHDmZI7lDw): pool shorts=360 long-form=73; current baseline shorts=[views, likes, comments] long-form=[views, likes, comments]; young updated 157 (shorts=135, long-form=22, unknown-format=0)
  era: 761 mature video(s) -- 6mo=761, 12mo=0, fallback=0, insufficient=0; updated 761 in 663 write group(s)
FDJ UNITED - SUEZ (UC3Vk9aIjOl96KKk7TiNBx4A): pool shorts=15 long-form=27; current baseline shorts=[views, likes, comments] long-form=[views, likes, comments]; young updated 19 (shorts=3, long-form=16, unknown-format=0)
  era: 68 mature video(s) -- 6mo=50, 12mo=5, fallback=13, insufficient=0; updated 68 in 41 write group(s)
Felt Bicycles (UCHSAf6zHTwyyIDDFTOzumCg): pool shorts=1 long-form=4; current baseline shorts=[none] long-form=[none]; young updated 6 (shorts=0, long-form=6, unknown-format=0)
  era: 5 mature video(s) -- 6mo=0, 12mo=0, fallback=0, insufficient=5; updated 5 in 1 write group(s)
FINIS Swim (UCTUwYWz-TjkGp7X36XoyV5g): pool shorts=0 long-form=16; current baseline shorts=[none] long-form=[views, likes, comments]; young updated 4 (shorts=0, long-form=4, unknown-format=0)
  era: 21 mature video(s) -- 6mo=16, 12mo=2, fallback=3, insufficient=0; updated 21 in 8 write group(s)
fizik (UCvWJA1-7BPOrfBqN-C35iVQ): pool shorts=7 long-form=6; current baseline shorts=[none] long-form=[none]; young updated 24 (shorts=3, long-form=21, unknown-format=0)
  era: 26 mature video(s) -- 6mo=0, 12mo=5, fallback=0, insufficient=21; updated 26 in 4 write group(s)
Flanders Classics (UCxtO-asmVr2O_g-fv11DHiQ): pool shorts=94 long-form=52; current baseline shorts=[views, likes, comments] long-form=[views, likes, comments]; young updated 68 (shorts=27, long-form=41, unknown-format=0)
  era: 234 mature video(s) -- 6mo=234, 12mo=0, fallback=0, insufficient=0; updated 234 in 134 write group(s)
Floberg Runs (UCSE6bU26riJK7_tYmhubh7w): pool shorts=3 long-form=55; current baseline shorts=[none] long-form=[views, likes, comments]; young updated 19 (shorts=1, long-form=18, unknown-format=0)
  era: 104 mature video(s) -- 6mo=99, 12mo=0, fallback=0, insufficient=5; updated 104 in 89 write group(s)
FloBikes (UCljVdpux_uz7NydDWYEeSIA): pool shorts=355 long-form=870; current baseline shorts=[views, likes, comments] long-form=[views, likes, comments]; young updated 727 (shorts=234, long-form=493, unknown-format=0)
  era: 2303 mature video(s) -- 6mo=2303, 12mo=0, fallback=0, insufficient=0; updated 2303 in 1921 write group(s)
FloTrack (UC1Fp52XJH8UKaa_gHMZrckw): pool shorts=1209 long-form=1716; current baseline shorts=[views, likes, comments] long-form=[views, likes, comments]; young updated 1247 (shorts=559, long-form=688, unknown-format=0)
  era: 4282 mature video(s) -- 6mo=4282, 12mo=0, fallback=0, insufficient=0; updated 4282 in 3535 write group(s)
FOCUS Bikes (UCjkRarpsGXYXhCcHxBgS-3Q): pool shorts=14 long-form=29; current baseline shorts=[views, likes, comments] long-form=[views, likes, comments]; young updated 4 (shorts=2, long-form=2, unknown-format=0)
  era: 87 mature video(s) -- 6mo=79, 12mo=8, fallback=0, insufficient=0; updated 87 in 66 write group(s)
Fundacion Euskadi (UC_QsCG8TnQZ4TElow-rtGhQ): pool shorts=0 long-form=5; current baseline shorts=[none] long-form=[none]; young updated 13 (shorts=0, long-form=13, unknown-format=0)
  era: 6 mature video(s) -- 6mo=0, 12mo=0, fallback=0, insufficient=6; updated 6 in 1 write group(s)
FUSION SPORTSWEAR (UCSJsTQREXDwMy65KR5tl82A): pool shorts=19 long-form=13; current baseline shorts=[views, likes, comments] long-form=[views, likes, comments]; young updated 5 (shorts=1, long-form=4, unknown-format=0)
  era: 54 mature video(s) -- 6mo=38, 12mo=15, fallback=1, insufficient=0; updated 54 in 33 write group(s)
Garmin (UC6vopISsINRLQ8seRlI_LtA): pool shorts=340 long-form=81; current baseline shorts=[views, likes, comments] long-form=[views, likes, comments]; young updated 98 (shorts=78, long-form=20, unknown-format=0)
  era: 853 mature video(s) -- 6mo=853, 12mo=0, fallback=0, insufficient=0; updated 853 in 677 write group(s)
GCN Racing (UCu7phdCr-raU7OaJfEpHZww): pool shorts=8 long-form=97; current baseline shorts=[none] long-form=[views, likes, comments]; young updated 31 (shorts=0, long-form=31, unknown-format=0)
  era: 258 mature video(s) -- 6mo=251, 12mo=7, fallback=0, insufficient=0; updated 258 in 206 write group(s)
Gerrit Knein (UCvoYFL7eWTaCZitbajjF4yQ): pool shorts=13 long-form=65; current baseline shorts=[views, likes, comments] long-form=[views, likes, comments]; young updated 32 (shorts=12, long-form=20, unknown-format=0)
  era: 84 mature video(s) -- 6mo=66, 12mo=10, fallback=8, insufficient=0; updated 84 in 58 write group(s)
GFNY World (UCF2Cbd2S93RygdxFipvIugA): pool shorts=0 long-form=61; current baseline shorts=[none] long-form=[views, likes, comments]; young updated 21 (shorts=0, long-form=21, unknown-format=0)
  era: 117 mature video(s) -- 6mo=116, 12mo=0, fallback=0, insufficient=1; updated 117 in 77 write group(s)
Giant Bicycles (UCbYYfGZUK_m89e6JAnrm79g): pool shorts=24 long-form=90; current baseline shorts=[views, likes, comments] long-form=[views, likes, comments]; young updated 48 (shorts=12, long-form=36, unknown-format=0)
  era: 161 mature video(s) -- 6mo=152, 12mo=4, fallback=5, insufficient=0; updated 161 in 121 write group(s)
Giro d'Italia (UCe10BxbsFg9Kbmkg-ean_Dg): pool shorts=326 long-form=523; current baseline shorts=[views, likes, comments] long-form=[views, likes, comments]; young updated 424 (shorts=263, long-form=161, unknown-format=0)
  era: 1567 mature video(s) -- 6mo=1567, 12mo=0, fallback=0, insufficient=0; updated 1567 in 1191 write group(s)
Giro Sport Design (UC6VDkpvLPIifUfNt4z-EsQQ): pool shorts=79 long-form=10; current baseline shorts=[views, likes, comments] long-form=[views, likes, comments]; young updated 14 (shorts=10, long-form=4, unknown-format=0)
  era: 101 mature video(s) -- 6mo=79, 12mo=7, fallback=15, insufficient=0; updated 101 in 56 write group(s)
Global Cycling Network (UCuTaETsuCOkJ0H_GAztWt0Q): pool shorts=595 long-form=308; current baseline shorts=[views, likes, comments] long-form=[views, likes, comments]; young updated 322 (shorts=231, long-form=91, unknown-format=0)
  era: 2673 mature video(s) -- 6mo=2673, 12mo=0, fallback=0, insufficient=0; updated 2673 in 2316 write group(s)
Global Triathlon Network (UCJVMrR290HU9pDxaP35u_cg): pool shorts=576 long-form=322; current baseline shorts=[views, likes, comments] long-form=[views, likes, comments]; young updated 263 (shorts=182, long-form=81, unknown-format=0)
  era: 1539 mature video(s) -- 6mo=1539, 12mo=0, fallback=0, insufficient=0; updated 1539 in 1308 write group(s)
Gobik (UCrBUMHz6JJF4HBWl9d2blag): pool shorts=2 long-form=36; current baseline shorts=[none] long-form=[views, likes, comments]; young updated 17 (shorts=2, long-form=15, unknown-format=0)
  era: 53 mature video(s) -- 6mo=49, 12mo=2, fallback=0, insufficient=2; updated 53 in 47 write group(s)
GOLDEN TRAIL WORLD SERIES (UC8szqVDJF60HueoqJrD50qw): pool shorts=5 long-form=65; current baseline shorts=[none] long-form=[views, likes, comments]; young updated 109 (shorts=74, long-form=35, unknown-format=0)
  era: 99 mature video(s) -- 6mo=94, 12mo=0, fallback=0, insufficient=5; updated 99 in 61 write group(s)
Göran Winblad (UCUwGYfvGvmqMnvQTOY8E_qg): pool shorts=10 long-form=63; current baseline shorts=[views, likes, comments] long-form=[views, likes, comments]; young updated 17 (shorts=0, long-form=17, unknown-format=0)
  era: 118 mature video(s) -- 6mo=106, 12mo=9, fallback=3, insufficient=0; updated 118 in 86 write group(s)
GORE-TEX® Brand (UCssIYQO1babHBU1Y_wYo2uw): pool shorts=19 long-form=28; current baseline shorts=[views, likes, comments] long-form=[views, likes, comments]; young updated 9 (shorts=7, long-form=2, unknown-format=0)
  era: 76 mature video(s) -- 6mo=64, 12mo=12, fallback=0, insufficient=0; updated 76 in 38 write group(s)
Gravel Earth Series (UCF4hZjQ3I6N-voNHhi_o_kA): pool shorts=11 long-form=12; current baseline shorts=[views, likes, comments] long-form=[views, likes, comments]; young updated 3 (shorts=0, long-form=3, unknown-format=0)
  era: 55 mature video(s) -- 6mo=36, 12mo=14, fallback=5, insufficient=0; updated 55 in 30 write group(s)
GreatRunTV (UC8SrBFazEJ282LsTozmwBiQ): pool shorts=28 long-form=38; current baseline shorts=[views, likes, comments] long-form=[views, likes, comments]; young updated 51 (shorts=18, long-form=33, unknown-format=0)
  era: 125 mature video(s) -- 6mo=122, 12mo=3, fallback=0, insufficient=0; updated 125 in 72 write group(s)
GreenEDGE Cycling (UCV9vvIQ8gxceqrBkn-P7rlw): pool shorts=170 long-form=47; current baseline shorts=[views, likes, comments] long-form=[views, likes, comments]; young updated 104 (shorts=85, long-form=19, unknown-format=0)
  era: 362 mature video(s) -- 6mo=362, 12mo=0, fallback=0, insufficient=0; updated 362 in 293 write group(s)
GU Energy Labs (UCTXca3fR4KqaT2HCjiypzLg): pool shorts=41 long-form=19; current baseline shorts=[views, likes, comments] long-form=[views, likes, comments]; young updated 24 (shorts=8, long-form=16, unknown-format=0)
  era: 83 mature video(s) -- 6mo=74, 12mo=9, fallback=0, insufficient=0; updated 83 in 51 write group(s)
Gwen Jorgensen (UCNQaItQ0LLVu5987SD88s2w): pool shorts=5 long-form=23; current baseline shorts=[none] long-form=[views, likes, comments]; young updated 7 (shorts=0, long-form=7, unknown-format=0)
  era: 53 mature video(s) -- 6mo=41, 12mo=5, fallback=0, insufficient=7; updated 53 in 43 write group(s)
Harry Palmer (UCXEsrQcmNK6gCAVSmhoIYZw): pool shorts=0 long-form=47; current baseline shorts=[none] long-form=[views, likes, comments]; young updated 9 (shorts=0, long-form=9, unknown-format=0)
  era: 90 mature video(s) -- 6mo=90, 12mo=0, fallback=0, insufficient=0; updated 90 in 75 write group(s)
Hayden Wilde (UCruNZWH3ZY5RfkOijseEo9Q): pool shorts=0 long-form=13; current baseline shorts=[none] long-form=[views, likes, comments]; young updated 8 (shorts=0, long-form=8, unknown-format=0)
  era: 13 mature video(s) -- 6mo=12, 12mo=1, fallback=0, insufficient=0; updated 13 in 10 write group(s)
HIGH5 Sports Nutrition (UCNceRzShvktj_GoTdKmbjWw): pool shorts=79 long-form=7; current baseline shorts=[views, likes, comments] long-form=[none]; young updated 0 (shorts=0, long-form=0, unknown-format=0)
  era: 101 mature video(s) -- 6mo=89, 12mo=5, fallback=0, insufficient=7; updated 101 in 49 write group(s)
Hincapie Sportswear (UCNxMnuj_A2yK4CITi34GMLQ): pool shorts=0 long-form=0; current baseline shorts=[none] long-form=[none]; young updated 0 (shorts=0, long-form=0, unknown-format=0)
  era: 1 mature video(s) -- 6mo=0, 12mo=0, fallback=0, insufficient=1; updated 1 in 1 write group(s)
HOKA NAZ Elite (UCYEhvpfqcjIvWgYYnE8hZfQ): pool shorts=37 long-form=37; current baseline shorts=[views, likes, comments] long-form=[views, likes, comments]; young updated 13 (shorts=2, long-form=11, unknown-format=0)
  era: 93 mature video(s) -- 6mo=87, 12mo=6, fallback=0, insufficient=0; updated 93 in 54 write group(s)
HOKA TV (UCvhNvEVoiJznu7K9e95CoWA): pool shorts=61 long-form=67; current baseline shorts=[views, likes, comments] long-form=[views, likes, comments]; young updated 49 (shorts=35, long-form=14, unknown-format=0)
  era: 245 mature video(s) -- 6mo=243, 12mo=2, fallback=0, insufficient=0; updated 245 in 180 write group(s)
HUUB Design (UCpxT17vQ0aPNR1qYhR-ZVUg): pool shorts=0 long-form=0; current baseline shorts=[none] long-form=[none]; young updated 0 (shorts=0, long-form=0, unknown-format=0)
  era: 1 mature video(s) -- 6mo=0, 12mo=0, fallback=0, insufficient=1; updated 1 in 1 write group(s)
International Swimming League (UCBoEDuW0Lg7AmCkts1j8LyQ): no videos
IRONMAN Triathlon (UCUlPrWg9Ef-IGsKRfDCPPew): pool shorts=329 long-form=484; current baseline shorts=[views, comments] long-form=[views, likes, comments]; young updated 233 (shorts=3, long-form=230, unknown-format=0)
  era: 1174 mature video(s) -- 6mo=620, 12mo=554, fallback=0, insufficient=0; updated 1174 in 832 write group(s)
Isaac cycle (UCIFi6zLfGZebO_75hWysMMA): pool shorts=0 long-form=8; current baseline shorts=[none] long-form=[none]; young updated 0 (shorts=0, long-form=0, unknown-format=0)
  era: 8 mature video(s) -- 6mo=0, 12mo=0, fallback=0, insufficient=8; updated 8 in 1 write group(s)
Isaiah Photo (UCjPYYvIdTqn9U52p9IxJ72Q): pool shorts=34 long-form=15; current baseline shorts=[views, likes, comments] long-form=[views, likes, comments]; young updated 19 (shorts=11, long-form=8, unknown-format=0)
  era: 110 mature video(s) -- 6mo=98, 12mo=11, fallback=1, insufficient=0; updated 110 in 83 write group(s)
Isostar France (UCLe0mGRm62-jicKwlZKpYjg): pool shorts=0 long-form=6; current baseline shorts=[none] long-form=[none]; young updated 16 (shorts=9, long-form=7, unknown-format=0)
  era: 13 mature video(s) -- 6mo=0, 12mo=3, fallback=0, insufficient=10; updated 13 in 3 write group(s)
Jake Wightman (UCt9TVIVCQfWn9yj43OEhdRg): pool shorts=0 long-form=6; current baseline shorts=[none] long-form=[none]; young updated 3 (shorts=0, long-form=3, unknown-format=0)
  era: 12 mature video(s) -- 6mo=0, 12mo=0, fallback=0, insufficient=12; updated 12 in 1 write group(s)
Jakob A. Ingebrigtsen (UC3ubbgQcHt9Jhpt6JWbSRWw): pool shorts=17 long-form=32; current baseline shorts=[views, likes, comments] long-form=[views, likes, comments]; young updated 0 (shorts=0, long-form=0, unknown-format=0)
  era: 49 mature video(s) -- 6mo=48, 12mo=1, fallback=0, insufficient=0; updated 49 in 26 write group(s)
James Dunne (UCEBjuHm_Z6hz8Q6C_dm8bSg): pool shorts=0 long-form=2; current baseline shorts=[none] long-form=[none]; young updated 5 (shorts=0, long-form=5, unknown-format=0)
  era: 10 mature video(s) -- 6mo=0, 12mo=0, fallback=0, insufficient=10; updated 10 in 1 write group(s)
Jamie Riddle (UCXqytZNftss5ECwwfeKeiqw): pool shorts=0 long-form=31; current baseline shorts=[none] long-form=[views, likes, comments]; young updated 22 (shorts=0, long-form=22, unknown-format=0)
  era: 31 mature video(s) -- 6mo=31, 12mo=0, fallback=0, insufficient=0; updated 31 in 25 write group(s)
Jasper Verkuijl (UCa2L4wP0vShoK-5h49LvlRA): pool shorts=2 long-form=15; current baseline shorts=[none] long-form=[views, likes, comments]; young updated 6 (shorts=1, long-form=5, unknown-format=0)
  era: 39 mature video(s) -- 6mo=26, 12mo=7, fallback=3, insufficient=3; updated 39 in 25 write group(s)
Jelle Geens (UChDOfUwTFzKWbaxlr_z-AjQ): pool shorts=0 long-form=9; current baseline shorts=[none] long-form=[none]; young updated 6 (shorts=0, long-form=6, unknown-format=0)
  era: 20 mature video(s) -- 6mo=13, 12mo=1, fallback=0, insufficient=6; updated 20 in 12 write group(s)
Jenna & Miguel – Freestyle Tri (UC9e06Zau_3u_Gi84k2izmOQ): pool shorts=4 long-form=37; current baseline shorts=[none] long-form=[views, likes, comments]; young updated 7 (shorts=0, long-form=7, unknown-format=0)
  era: 73 mature video(s) -- 6mo=66, 12mo=0, fallback=0, insufficient=7; updated 73 in 45 write group(s)
Joe Tinsley (UCUblnLF-PXd65EM5eAZ9qDg): pool shorts=0 long-form=11; current baseline shorts=[none] long-form=[views, likes, comments]; young updated 22 (shorts=12, long-form=10, unknown-format=0)
  era: 11 mature video(s) -- 6mo=11, 12mo=0, fallback=0, insufficient=0; updated 11 in 6 write group(s)
JOG ON with Harry Morgan (UCeevBgehokNNlmbo8EaEDJg): pool shorts=67 long-form=17; current baseline shorts=[views, likes, comments] long-form=[views, likes, comments]; young updated 27 (shorts=20, long-form=7, unknown-format=0)
  era: 95 mature video(s) -- 6mo=76, 12mo=19, fallback=0, insufficient=0; updated 95 in 70 write group(s)
Juliet Elliott (UCjcANXkXDbYqQ34F_UTql5w): pool shorts=28 long-form=78; current baseline shorts=[views, likes, comments] long-form=[views, likes, comments]; young updated 38 (shorts=13, long-form=25, unknown-format=0)
  era: 169 mature video(s) -- 6mo=164, 12mo=5, fallback=0, insufficient=0; updated 169 in 142 write group(s)
Kask Sport (UCNdDLevS05tTaWMxKbNP3Kw): pool shorts=5 long-form=10; current baseline shorts=[none] long-form=[views, likes, comments]; young updated 3 (shorts=0, long-form=3, unknown-format=0)
  era: 38 mature video(s) -- 6mo=11, 12mo=20, fallback=3, insufficient=4; updated 38 in 29 write group(s)
Katie Kookaburra (UCCzN8KWKew4fp-AWIuE7E8A): pool shorts=47 long-form=149; current baseline shorts=[views, likes, comments] long-form=[views, likes, comments]; young updated 42 (shorts=1, long-form=41, unknown-format=0)
  era: 297 mature video(s) -- 6mo=297, 12mo=0, fallback=0, insufficient=0; updated 297 in 249 write group(s)
Kilian Jornet (UC5IhSDXTsi6TrIGHiW8kIBg): pool shorts=21 long-form=6; current baseline shorts=[views, likes, comments] long-form=[none]; young updated 47 (shorts=41, long-form=6, unknown-format=0)
  era: 29 mature video(s) -- 6mo=21, 12mo=0, fallback=1, insufficient=7; updated 29 in 14 write group(s)
kofuzi (UCe43pe3w4L6w3tNMRkWiJBA): pool shorts=131 long-form=159; current baseline shorts=[views, likes, comments] long-form=[views, likes, comments]; young updated 59 (shorts=0, long-form=59, unknown-format=0)
  era: 602 mature video(s) -- 6mo=602, 12mo=0, fallback=0, insufficient=0; updated 602 in 507 write group(s)
Kristian Blummenfelt (UC3FUifepO8vXHtool8S1Z1g): pool shorts=2 long-form=17; current baseline shorts=[none] long-form=[views, likes, comments]; young updated 6 (shorts=0, long-form=6, unknown-format=0)
  era: 29 mature video(s) -- 6mo=7, 12mo=18, fallback=1, insufficient=3; updated 29 in 24 write group(s)
La Sportiva (UCmKM8K7hqStr0EmYTIVbLnQ): pool shorts=0 long-form=47; current baseline shorts=[none] long-form=[views, likes, comments]; young updated 68 (shorts=0, long-form=68, unknown-format=0)
  era: 64 mature video(s) -- 6mo=61, 12mo=3, fallback=0, insufficient=0; updated 64 in 37 write group(s)
Lake Cycling (UCDw156N1GkR7WwtnS0ebBSQ): pool shorts=22 long-form=1; current baseline shorts=[views, likes, comments] long-form=[none]; young updated 9 (shorts=9, long-form=0, unknown-format=0)
  era: 35 mature video(s) -- 6mo=19, 12mo=9, fallback=0, insufficient=7; updated 35 in 13 write group(s)
Lapierre bikes (UCPT0N1UMdWjbLpBTqFZpx7Q): pool shorts=0 long-form=29; current baseline shorts=[none] long-form=[views, likes, comments]; young updated 5 (shorts=0, long-form=5, unknown-format=0)
  era: 54 mature video(s) -- 6mo=38, 12mo=16, fallback=0, insufficient=0; updated 54 in 37 write group(s)
Laura Philipp (UCkJ1Sgtqj909kXj_kApY3rA): pool shorts=0 long-form=9; current baseline shorts=[none] long-form=[none]; young updated 6 (shorts=0, long-form=6, unknown-format=0)
  era: 43 mature video(s) -- 6mo=32, 12mo=5, fallback=0, insufficient=6; updated 43 in 30 write group(s)
Lazer Sport (UCfa0VOKfeCCvbKliq5t2hRg): pool shorts=5 long-form=23; current baseline shorts=[none] long-form=[views, likes, comments]; young updated 6 (shorts=0, long-form=6, unknown-format=0)
  era: 48 mature video(s) -- 6mo=36, 12mo=5, fallback=0, insufficient=7; updated 48 in 20 write group(s)
Le Col (UCgycpWuU2Z-vjcWrIpyXi1Q): pool shorts=11 long-form=18; current baseline shorts=[views, likes, comments] long-form=[views, likes, comments]; young updated 12 (shorts=7, long-form=5, unknown-format=0)
  era: 50 mature video(s) -- 6mo=41, 12mo=5, fallback=4, insufficient=0; updated 50 in 33 write group(s)
Lidl-Trek (UC2Mtwp-tKH7CQXyfi6gb9xQ): pool shorts=7 long-form=29; current baseline shorts=[none] long-form=[views, likes, comments]; young updated 14 (shorts=11, long-form=3, unknown-format=0)
  era: 49 mature video(s) -- 6mo=39, 12mo=2, fallback=0, insufficient=8; updated 49 in 29 write group(s)
Life Time Grand Prix (UCvkGUSKh_jplbgBZ6vjWNpQ): pool shorts=1 long-form=104; current baseline shorts=[none] long-form=[views, likes, comments]; young updated 81 (shorts=13, long-form=68, unknown-format=0)
  era: 161 mature video(s) -- 6mo=160, 12mo=0, fallback=0, insufficient=1; updated 161 in 99 write group(s)
Limar Helmets (UC0jXP7KfLejitpuguWC7AjQ): pool shorts=0 long-form=2; current baseline shorts=[none] long-form=[none]; young updated 0 (shorts=0, long-form=0, unknown-format=0)
  era: 9 mature video(s) -- 6mo=0, 12mo=0, fallback=0, insufficient=9; updated 9 in 1 write group(s)
Lionel Sanders (UC-gct8TB_8l5HsQHBBr8hyQ): pool shorts=0 long-form=59; current baseline shorts=[none] long-form=[views, likes, comments]; young updated 10 (shorts=0, long-form=10, unknown-format=0)
  era: 96 mature video(s) -- 6mo=96, 12mo=0, fallback=0, insufficient=0; updated 96 in 83 write group(s)
Live Slow Ride Fast (UCY4KLfzPdgZa3SW6E_QRweA): pool shorts=49 long-form=11; current baseline shorts=[views, likes, comments] long-form=[views, likes, comments]; young updated 3 (shorts=0, long-form=3, unknown-format=0)
  era: 167 mature video(s) -- 6mo=156, 12mo=10, fallback=1, insufficient=0; updated 167 in 114 write group(s)
London Marathon Events (UChBfnjSbmuDRgHWoS5t6NVA): pool shorts=0 long-form=51; current baseline shorts=[none] long-form=[views, likes, comments]; young updated 25 (shorts=0, long-form=25, unknown-format=0)
  era: 66 mature video(s) -- 6mo=63, 12mo=2, fallback=0, insufficient=1; updated 66 in 39 write group(s)
LOOK Cycle (UCyl4xuw38qYgPejMxylif2w): pool shorts=74 long-form=29; current baseline shorts=[views, likes, comments] long-form=[views, likes, comments]; young updated 38 (shorts=27, long-form=11, unknown-format=0)
  era: 154 mature video(s) -- 6mo=152, 12mo=2, fallback=0, insufficient=0; updated 154 in 107 write group(s)
Lotto-Intermarché (UCoEb4IKwC_WllEb3MDa95yw): pool shorts=108 long-form=16; current baseline shorts=[views, likes, comments] long-form=[views, likes, comments]; young updated 146 (shorts=143, long-form=3, unknown-format=0)
  era: 224 mature video(s) -- 6mo=224, 12mo=0, fallback=0, insufficient=0; updated 224 in 179 write group(s)
MAAP (UCdxOW3DioivNUUWOCHF6nHw): pool shorts=32 long-form=7; current baseline shorts=[views, likes, comments] long-form=[none]; young updated 4 (shorts=2, long-form=2, unknown-format=0)
  era: 74 mature video(s) -- 6mo=69, 12mo=4, fallback=0, insufficient=1; updated 74 in 41 write group(s)
Mad Wave International (UC5wOyWecH_5I8UFO35nG_DQ): pool shorts=32 long-form=1; current baseline shorts=[views, likes, comments] long-form=[none]; young updated 18 (shorts=18, long-form=0, unknown-format=0)
  era: 34 mature video(s) -- 6mo=32, 12mo=0, fallback=0, insufficient=2; updated 34 in 15 write group(s)
Malachi Cashmore | Pro Triathlete  (UCNoSoBcsDj-vogPcRcMwJYg): pool shorts=105 long-form=21; current baseline shorts=[views, likes, comments] long-form=[views, likes, comments]; young updated 39 (shorts=31, long-form=8, unknown-format=0)
  era: 126 mature video(s) -- 6mo=126, 12mo=0, fallback=0, insufficient=0; updated 126 in 104 write group(s)
Marten Van Riel (UCz4CurTk7gNOCoLCIzVZEiQ): pool shorts=0 long-form=8; current baseline shorts=[none] long-form=[none]; young updated 0 (shorts=0, long-form=0, unknown-format=0)
  era: 11 mature video(s) -- 6mo=0, 12mo=0, fallback=0, insufficient=11; updated 11 in 1 write group(s)
Matt Fox | Sweat Elite  (UCFYpwqeNXx7M9xosFjdm5kQ): pool shorts=0 long-form=17; current baseline shorts=[none] long-form=[views, likes, comments]; young updated 13 (shorts=7, long-form=6, unknown-format=0)
  era: 76 mature video(s) -- 6mo=74, 12mo=0, fallback=2, insufficient=0; updated 76 in 58 write group(s)
Matt Hanson (UCj3EZ7edWqlbOhwDvYZYzkQ): pool shorts=41 long-form=19; current baseline shorts=[views, likes, comments] long-form=[views, likes, comments]; young updated 16 (shorts=6, long-form=10, unknown-format=0)
  era: 106 mature video(s) -- 6mo=101, 12mo=5, fallback=0, insufficient=0; updated 106 in 74 write group(s)
Matt Hauser (UCcQcpXfQl2QF2PsG4SPdeIg): pool shorts=0 long-form=3; current baseline shorts=[none] long-form=[none]; young updated 8 (shorts=0, long-form=8, unknown-format=0)
  era: 3 mature video(s) -- 6mo=0, 12mo=0, fallback=0, insufficient=3; updated 3 in 1 write group(s)
Matt Richards (UCiO0eZNM04fLS3yNWSYed4w): pool shorts=0 long-form=19; current baseline shorts=[none] long-form=[views, likes, comments]; young updated 2 (shorts=0, long-form=2, unknown-format=0)
  era: 21 mature video(s) -- 6mo=19, 12mo=0, fallback=0, insufficient=2; updated 21 in 12 write group(s)
Maurten Official (UCqaG1PcFDUKy0LrM-b5psew): pool shorts=6 long-form=11; current baseline shorts=[none] long-form=[views, likes, comments]; young updated 5 (shorts=1, long-form=4, unknown-format=0)
  era: 41 mature video(s) -- 6mo=15, 12mo=13, fallback=0, insufficient=13; updated 41 in 20 write group(s)
Megamo Bicycles (UCxhCv8PkYIDGNhdsrJnHa5g): pool shorts=0 long-form=0; current baseline shorts=[none] long-form=[none]; young updated 6 (shorts=0, long-form=6, unknown-format=0)
  era: 10 mature video(s) -- 6mo=0, 12mo=0, fallback=0, insufficient=10; updated 10 in 1 write group(s)
Menno Koolhaas (UCrqx6vALjVlCWRXDzSZdueA): pool shorts=4 long-form=8; current baseline shorts=[none] long-form=[none]; young updated 10 (shorts=2, long-form=8, unknown-format=0)
  era: 12 mature video(s) -- 6mo=0, 12mo=0, fallback=0, insufficient=12; updated 12 in 1 write group(s)
MERIDA BIKES (UCKPNcng2G77tR79ghdHzaQA): pool shorts=4 long-form=47; current baseline shorts=[none] long-form=[views, likes, comments]; young updated 18 (shorts=5, long-form=13, unknown-format=0)
  era: 91 mature video(s) -- 6mo=84, 12mo=0, fallback=0, insufficient=7; updated 91 in 73 write group(s)
MET Helmets (UCPjZtQ5ws_pnuRCYStObO_w): pool shorts=0 long-form=11; current baseline shorts=[none] long-form=[views, likes, comments]; young updated 12 (shorts=0, long-form=12, unknown-format=0)
  era: 16 mature video(s) -- 6mo=0, 12mo=10, fallback=6, insufficient=0; updated 16 in 7 write group(s)
Michael Andrew (UCWOVS5j1wq_uw3voU3u465g): pool shorts=0 long-form=10; current baseline shorts=[none] long-form=[views, likes, comments]; young updated 0 (shorts=0, long-form=0, unknown-format=0)
  era: 10 mature video(s) -- 6mo=0, 12mo=0, fallback=10, insufficient=0; updated 10 in 1 write group(s)
Michele Bortolamedi Pro Triathlete (UCw9-gfQqosSF_mcfALHYLgA): pool shorts=0 long-form=0; current baseline shorts=[none] long-form=[none]; young updated 5 (shorts=0, long-form=5, unknown-format=0)
  era: 0 mature video(s) -- 6mo=0, 12mo=0, fallback=0, insufficient=0; updated 0 in 0 write group(s)
MNSTRY (UCxMs0_2b-jZ5p8fJJgxBEkg): pool shorts=0 long-form=5; current baseline shorts=[none] long-form=[none]; young updated 7 (shorts=0, long-form=7, unknown-format=0)
  era: 10 mature video(s) -- 6mo=0, 12mo=0, fallback=0, insufficient=10; updated 10 in 1 write group(s)
Movistar Team (UC7aWrrEdR7_RORZBFpI7gbA): pool shorts=150 long-form=67; current baseline shorts=[views, likes, comments] long-form=[views, likes, comments]; young updated 94 (shorts=22, long-form=72, unknown-format=0)
  era: 396 mature video(s) -- 6mo=396, 12mo=0, fallback=0, insufficient=0; updated 396 in 332 write group(s)
Muss Life (UCx7opPmb6Jth3aDy1NpmKuQ): pool shorts=59 long-form=26; current baseline shorts=[views, likes, comments] long-form=[views, likes, comments]; young updated 16 (shorts=7, long-form=9, unknown-format=0)
  era: 171 mature video(s) -- 6mo=166, 12mo=5, fallback=0, insufficient=0; updated 171 in 129 write group(s)
Muur Concept (UCWGAsIEk862fB-7uKd2B_DA): pool shorts=0 long-form=1; current baseline shorts=[none] long-form=[none]; young updated 0 (shorts=0, long-form=0, unknown-format=0)
  era: 1 mature video(s) -- 6mo=0, 12mo=0, fallback=0, insufficient=1; updated 1 in 1 write group(s)
My Channel (UCqI9HyfLvodz7bXFCI3PU2g): pool shorts=222 long-form=75; current baseline shorts=[views, likes, comments] long-form=[views, likes, comments]; young updated 191 (shorts=141, long-form=50, unknown-format=0)
  era: 387 mature video(s) -- 6mo=387, 12mo=0, fallback=0, insufficient=0; updated 387 in 327 write group(s)
MySwimPro (UCCHXc9Vp6RhPD8xb8LvX2-g): pool shorts=502 long-form=41; current baseline shorts=[views, likes, comments] long-form=[views, likes, comments]; young updated 40 (shorts=23, long-form=17, unknown-format=0)
  era: 863 mature video(s) -- 6mo=863, 12mo=0, fallback=0, insufficient=0; updated 863 in 763 write group(s)
näak (UC82xY5zljkzedG-qu6hbGFQ): pool shorts=8 long-form=9; current baseline shorts=[none] long-form=[none]; young updated 5 (shorts=2, long-form=3, unknown-format=0)
  era: 39 mature video(s) -- 6mo=23, 12mo=4, fallback=0, insufficient=12; updated 39 in 21 write group(s)
NAMEDSPORT (UC-mjoCYYjX4O8aBkxbbIHDQ): pool shorts=9 long-form=4; current baseline shorts=[none] long-form=[none]; young updated 2 (shorts=1, long-form=1, unknown-format=0)
  era: 65 mature video(s) -- 6mo=51, 12mo=13, fallback=0, insufficient=1; updated 65 in 30 write group(s)
NERO Cycling (UCUwuL3MKanz9dX1GPAMZqJw): pool shorts=61 long-form=101; current baseline shorts=[views, likes, comments] long-form=[views, likes, comments]; young updated 88 (shorts=54, long-form=34, unknown-format=0)
  era: 301 mature video(s) -- 6mo=301, 12mo=0, fallback=0, insufficient=0; updated 301 in 247 write group(s)
Netcompany INEOS (UCaXxanOHeArdOMmhNaXE67Q): pool shorts=65 long-form=16; current baseline shorts=[views, likes, comments] long-form=[views, likes, comments]; young updated 8 (shorts=5, long-form=3, unknown-format=0)
  era: 125 mature video(s) -- 6mo=113, 12mo=12, fallback=0, insufficient=0; updated 125 in 97 write group(s)
NEVERSECOND (UC8zMr4ZQE2jmoaEPs0YnsNg): pool shorts=0 long-form=0; current baseline shorts=[none] long-form=[none]; young updated 11 (shorts=3, long-form=8, unknown-format=0)
  era: 1 mature video(s) -- 6mo=0, 12mo=0, fallback=0, insufficient=1; updated 1 in 1 write group(s)
newbalance (UC1CzgJDVIX-vk2hQzeubT7A): pool shorts=4 long-form=202; current baseline shorts=[none] long-form=[views, likes, comments]; young updated 85 (shorts=9, long-form=76, unknown-format=0)
  era: 329 mature video(s) -- 6mo=319, 12mo=0, fallback=0, insufficient=10; updated 329 in 263 write group(s)
Nick Bare (UCbVEx9qG_hLrb6FrWQJz_Tg): pool shorts=27 long-form=53; current baseline shorts=[views, likes, comments] long-form=[views, likes, comments]; young updated 71 (shorts=47, long-form=24, unknown-format=0)
  era: 140 mature video(s) -- 6mo=139, 12mo=1, fallback=0, insufficient=0; updated 140 in 104 write group(s)
Nicklas Rossner (UCESCdB5zKn5KAb8dG2Q2zdw): pool shorts=38 long-form=92; current baseline shorts=[views, likes, comments] long-form=[views, likes, comments]; young updated 32 (shorts=6, long-form=26, unknown-format=0)
  era: 160 mature video(s) -- 6mo=160, 12mo=0, fallback=0, insufficient=0; updated 160 in 99 write group(s)
Nike Running (UCyicnSN1_aeNUjOvq2ecS7A): no videos
NNormal (UCiMNUNX6ks-9ehM1FEvu4uQ): pool shorts=8 long-form=16; current baseline shorts=[none] long-form=[views, likes, comments]; young updated 13 (shorts=6, long-form=7, unknown-format=0)
  era: 70 mature video(s) -- 6mo=56, 12mo=11, fallback=0, insufficient=3; updated 70 in 46 write group(s)
NorCal Cycling (UCIfRR1N2Gm1vjj9X955iWSQ): pool shorts=9 long-form=111; current baseline shorts=[none] long-form=[views, likes, comments]; young updated 43 (shorts=4, long-form=39, unknown-format=0)
  era: 192 mature video(s) -- 6mo=183, 12mo=0, fallback=0, insufficient=9; updated 192 in 158 write group(s)
Norseman Xtreme Triathlon (UCuNhI69Ta5RjdT_pfdOTuvA): pool shorts=2 long-form=30; current baseline shorts=[none] long-form=[views, likes, comments]; young updated 12 (shorts=0, long-form=12, unknown-format=0)
  era: 42 mature video(s) -- 6mo=28, 12mo=12, fallback=0, insufficient=2; updated 42 in 22 write group(s)
NorthwaveCycling (UCqfStUH0Ldrjpb5aQRZ4qzQ): pool shorts=0 long-form=6; current baseline shorts=[none] long-form=[none]; young updated 1 (shorts=0, long-form=1, unknown-format=0)
  era: 16 mature video(s) -- 6mo=0, 12mo=7, fallback=0, insufficient=9; updated 16 in 6 write group(s)
NSN Cycling Team (UC-bBRbx8sNGYoXDpsWpKIDg): pool shorts=24 long-form=7; current baseline shorts=[views, likes, comments] long-form=[none]; young updated 29 (shorts=23, long-form=6, unknown-format=0)
  era: 31 mature video(s) -- 6mo=24, 12mo=0, fallback=0, insufficient=7; updated 31 in 10 write group(s)
Ocean Swim (UCET-eWRfN93N06uOKGVenmg): pool shorts=249 long-form=49; current baseline shorts=[views, likes, comments] long-form=[views, likes, comments]; young updated 197 (shorts=182, long-form=15, unknown-format=0)
  era: 318 mature video(s) -- 6mo=318, 12mo=0, fallback=0, insufficient=0; updated 318 in 245 write group(s)
On (UCYp6nZ3yx11axEaq9STzdkg): pool shorts=62 long-form=22; current baseline shorts=[views, likes, comments] long-form=[views, likes, comments]; young updated 110 (shorts=89, long-form=21, unknown-format=0)
  era: 141 mature video(s) -- 6mo=139, 12mo=2, fallback=0, insufficient=0; updated 141 in 102 write group(s)
Orbea (UChn9nH2YhcGIWCunj22nk4A): pool shorts=117 long-form=64; current baseline shorts=[views, likes, comments] long-form=[views, likes, comments]; young updated 113 (shorts=95, long-form=18, unknown-format=0)
  era: 315 mature video(s) -- 6mo=315, 12mo=0, fallback=0, insufficient=0; updated 315 in 255 write group(s)
orcasportswear (UCUkXB1UwY97DkzVjPvy95Gg): pool shorts=72 long-form=29; current baseline shorts=[views, likes, comments] long-form=[views, likes, comments]; young updated 4 (shorts=2, long-form=2, unknown-format=0)
  era: 121 mature video(s) -- 6mo=115, 12mo=5, fallback=1, insufficient=0; updated 121 in 81 write group(s)
Origine Cycles (UCDMICnJ73tAy1578fIhy-Dg): pool shorts=21 long-form=17; current baseline shorts=[views, likes, comments] long-form=[views, likes, comments]; young updated 15 (shorts=9, long-form=6, unknown-format=0)
  era: 62 mature video(s) -- 6mo=41, 12mo=18, fallback=3, insufficient=0; updated 62 in 52 write group(s)
OTE Sports (UCSGvx_ogesSjcRAlrI-E3Vg): pool shorts=6 long-form=1; current baseline shorts=[none] long-form=[none]; young updated 0 (shorts=0, long-form=0, unknown-format=0)
  era: 44 mature video(s) -- 6mo=28, 12mo=2, fallback=0, insufficient=14; updated 44 in 14 write group(s)
ŌURA (UCf-xFf4xPcT9DVdOkcCaScg): pool shorts=12 long-form=32; current baseline shorts=[views, likes, comments] long-form=[views, likes, comments]; young updated 22 (shorts=5, long-form=17, unknown-format=0)
  era: 231 mature video(s) -- 6mo=228, 12mo=3, fallback=0, insufficient=0; updated 231 in 156 write group(s)
OVERSTIMS (UCQ6Q-s80sLUMBgpeKP01Dsg): pool shorts=4 long-form=2; current baseline shorts=[none] long-form=[none]; young updated 0 (shorts=0, long-form=0, unknown-format=0)
  era: 7 mature video(s) -- 6mo=0, 12mo=0, fallback=0, insufficient=7; updated 7 in 1 write group(s)
PAS NORMAL STUDIOS (UCkHvsfXsAGCkVWFWJ4Cu0sg): pool shorts=11 long-form=18; current baseline shorts=[views, likes, comments] long-form=[views, likes, comments]; young updated 2 (shorts=0, long-form=2, unknown-format=0)
  era: 46 mature video(s) -- 6mo=32, 12mo=14, fallback=0, insufficient=0; updated 46 in 34 write group(s)
Peak Torque (UC08mbQ8UIX8DXSBFBO9VaZw): pool shorts=11 long-form=31; current baseline shorts=[views, likes, comments] long-form=[views, likes, comments]; young updated 14 (shorts=4, long-form=10, unknown-format=0)
  era: 86 mature video(s) -- 6mo=68, 12mo=18, fallback=0, insufficient=0; updated 86 in 66 write group(s)
PEARL iZUMi (UCYydRIOUdJUy4CStARuEloQ): pool shorts=0 long-form=0; current baseline shorts=[none] long-form=[none]; young updated 2 (shorts=1, long-form=1, unknown-format=0)
  era: 4 mature video(s) -- 6mo=0, 12mo=0, fallback=0, insufficient=4; updated 4 in 1 write group(s)
Phil Sesemann (UC5t2mSpRHM39CIU2Stl7Ekw): pool shorts=12 long-form=9; current baseline shorts=[views, likes, comments] long-form=[none]; young updated 21 (shorts=15, long-form=6, unknown-format=0)
  era: 21 mature video(s) -- 6mo=11, 12mo=1, fallback=0, insufficient=9; updated 21 in 9 write group(s)
Phily Bowden (UCzCCsm1ry8no4j-gS6TgySQ): pool shorts=101 long-form=64; current baseline shorts=[views, likes, comments] long-form=[views, likes, comments]; young updated 61 (shorts=39, long-form=22, unknown-format=0)
  era: 225 mature video(s) -- 6mo=224, 12mo=1, fallback=0, insufficient=0; updated 225 in 188 write group(s)
PILLAR Performance (UCAsAV0t5EqgAEfErvHhGWbg): pool shorts=0 long-form=14; current baseline shorts=[none] long-form=[views, likes, comments]; young updated 2 (shorts=0, long-form=2, unknown-format=0)
  era: 30 mature video(s) -- 6mo=10, 12mo=13, fallback=1, insufficient=6; updated 30 in 16 write group(s)
Pinarello Official (UCS5-VHtZE38jFhfxTZhcbzw): pool shorts=0 long-form=8; current baseline shorts=[none] long-form=[none]; young updated 2 (shorts=0, long-form=2, unknown-format=0)
  era: 19 mature video(s) -- 6mo=11, 12mo=7, fallback=0, insufficient=1; updated 19 in 16 write group(s)
Pinarello Q36.5 Pro Cycling Team (UCITZ17bUyXc1Oa5L9WI5Rbg): pool shorts=6 long-form=9; current baseline shorts=[none] long-form=[none]; young updated 3 (shorts=1, long-form=2, unknown-format=0)
  era: 33 mature video(s) -- 6mo=1, 12mo=15, fallback=0, insufficient=17; updated 33 in 16 write group(s)
POC (UCm55EDQIcVbwUdE48nFPGWQ): pool shorts=0 long-form=31; current baseline shorts=[none] long-form=[views, likes, comments]; young updated 13 (shorts=0, long-form=13, unknown-format=0)
  era: 33 mature video(s) -- 6mo=29, 12mo=2, fallback=2, insufficient=0; updated 33 in 23 write group(s)
Polar (UCYsGDdaYQYf6F-9QcOnqBZA): pool shorts=13 long-form=9; current baseline shorts=[views, likes, comments] long-form=[none]; young updated 1 (shorts=0, long-form=1, unknown-format=0)
  era: 39 mature video(s) -- 6mo=0, 12mo=25, fallback=0, insufficient=14; updated 39 in 15 write group(s)
Powerbar (UCLk52TWekERaGSC6ZJrs4DQ): pool shorts=51 long-form=51; current baseline shorts=[views, likes, comments] long-form=[views, likes, comments]; young updated 0 (shorts=0, long-form=0, unknown-format=0)
  era: 159 mature video(s) -- 6mo=158, 12mo=1, fallback=0, insufficient=0; updated 159 in 93 write group(s)
Precision Fuel & Hydration (UC2g0EMtE08BYh_CNuvkYuYQ): pool shorts=44 long-form=40; current baseline shorts=[views, likes, comments] long-form=[views, likes, comments]; young updated 16 (shorts=4, long-form=12, unknown-format=0)
  era: 163 mature video(s) -- 6mo=158, 12mo=5, fallback=0, insufficient=0; updated 163 in 124 write group(s)
Probikeshop TV (UCf2Bc7DZCZhwBks0RtWLYIw): pool shorts=26 long-form=1; current baseline shorts=[views, likes, comments] long-form=[none]; young updated 8 (shorts=8, long-form=0, unknown-format=0)
  era: 63 mature video(s) -- 6mo=60, 12mo=2, fallback=0, insufficient=1; updated 63 in 21 write group(s)
Profile Design (UC-9PWg0xas7yF1xgKGaHexg): pool shorts=5 long-form=6; current baseline shorts=[none] long-form=[none]; young updated 1 (shorts=0, long-form=1, unknown-format=0)
  era: 16 mature video(s) -- 6mo=0, 12mo=1, fallback=0, insufficient=15; updated 16 in 2 write group(s)
ProTriNews (UC8koVwkRs2HWpaIr7urmZmQ): pool shorts=18 long-form=84; current baseline shorts=[views, likes, comments] long-form=[views, likes, comments]; young updated 36 (shorts=6, long-form=30, unknown-format=0)
  era: 105 mature video(s) -- 6mo=94, 12mo=9, fallback=2, insufficient=0; updated 105 in 67 write group(s)
Puck Pieterse (UCuCh5bBvuhUeR_WZ2QwU6nw): pool shorts=0 long-form=20; current baseline shorts=[none] long-form=[views, likes, comments]; young updated 9 (shorts=0, long-form=9, unknown-format=0)
  era: 48 mature video(s) -- 6mo=46, 12mo=2, fallback=0, insufficient=0; updated 48 in 38 write group(s)
PUMA (UCZq427EjGqUbV6pZIjEKkgg): pool shorts=146 long-form=116; current baseline shorts=[views, likes, comments] long-form=[views, likes, comments]; young updated 54 (shorts=40, long-form=14, unknown-format=0)
  era: 435 mature video(s) -- 6mo=435, 12mo=0, fallback=0, insufficient=0; updated 435 in 346 write group(s)
Q36.5  (UCJAMPr9Bu-Rdz-HFtSlmCJg): pool shorts=6 long-form=7; current baseline shorts=[none] long-form=[none]; young updated 11 (shorts=6, long-form=5, unknown-format=0)
  era: 28 mature video(s) -- 6mo=15, 12mo=2, fallback=0, insufficient=11; updated 28 in 13 write group(s)
Quintana Roo Tri (UCyuGHIlmcWbdqg-gnay6jyw): pool shorts=0 long-form=14; current baseline shorts=[none] long-form=[views, likes, comments]; young updated 4 (shorts=0, long-form=4, unknown-format=0)
  era: 30 mature video(s) -- 6mo=25, 12mo=5, fallback=0, insufficient=0; updated 30 in 17 write group(s)
Ran To Japan (UCIq1gMax9m-25lMGU8a4nsg): pool shorts=19 long-form=81; current baseline shorts=[views, likes, comments] long-form=[views, likes, comments]; young updated 43 (shorts=16, long-form=27, unknown-format=0)
  era: 100 mature video(s) -- 6mo=100, 12mo=0, fallback=0, insufficient=0; updated 100 in 71 write group(s)
Rapha Films (UCXYXxfVjxMppZY64-5baOsw): pool shorts=20 long-form=20; current baseline shorts=[views, likes, comments] long-form=[views, likes, comments]; young updated 9 (shorts=0, long-form=9, unknown-format=0)
  era: 50 mature video(s) -- 6mo=43, 12mo=7, fallback=0, insufficient=0; updated 50 in 37 write group(s)
Red Bull - BORA - hansgrohe (UC8rlqRMt762GzKCQl0CwBwg): pool shorts=0 long-form=0; current baseline shorts=[none] long-form=[none]; young updated 60 (shorts=36, long-form=24, unknown-format=0)
  era: 0 mature video(s) -- 6mo=0, 12mo=0, fallback=0, insufficient=0; updated 0 in 0 write group(s)
Red Bull Bike (UCXqlds5f7B2OOs9vQuevl4A): pool shorts=249 long-form=69; current baseline shorts=[views, likes, comments] long-form=[views, likes, comments]; young updated 135 (shorts=121, long-form=14, unknown-format=0)
  era: 516 mature video(s) -- 6mo=516, 12mo=0, fallback=0, insufficient=0; updated 516 in 432 write group(s)
Remco Evenepoel (UCcYxRKU5NXBxzjRV14vxq1w): pool shorts=1 long-form=3; current baseline shorts=[none] long-form=[none]; young updated 3 (shorts=0, long-form=3, unknown-format=0)
  era: 8 mature video(s) -- 6mo=0, 12mo=0, fallback=0, insufficient=8; updated 8 in 1 write group(s)
Ridley Bikes (UCmoM39wX7RgkOU91cYQg6DA): pool shorts=66 long-form=46; current baseline shorts=[views, likes, comments] long-form=[views, likes, comments]; young updated 23 (shorts=21, long-form=2, unknown-format=0)
  era: 139 mature video(s) -- 6mo=139, 12mo=0, fallback=0, insufficient=0; updated 139 in 103 write group(s)
ROKA (UCPvH-h4X-9Gsd-7TcrTDKBA): pool shorts=0 long-form=5; current baseline shorts=[none] long-form=[none]; young updated 0 (shorts=0, long-form=0, unknown-format=0)
  era: 13 mature video(s) -- 6mo=0, 12mo=0, fallback=0, insufficient=13; updated 13 in 1 write group(s)
Rory Linkletter, OLY (UCHGRRgKG5XJTZ3hp_H7hOWQ): pool shorts=21 long-form=27; current baseline shorts=[views, likes, comments] long-form=[views, likes, comments]; young updated 19 (shorts=9, long-form=10, unknown-format=0)
  era: 110 mature video(s) -- 6mo=109, 12mo=1, fallback=0, insufficient=0; updated 110 in 80 write group(s)
ROSE Bikes (UC54Salc-z_ieYFNknL-S_wA): pool shorts=7 long-form=22; current baseline shorts=[none] long-form=[views, likes, comments]; young updated 4 (shorts=1, long-form=3, unknown-format=0)
  era: 50 mature video(s) -- 6mo=33, 12mo=4, fallback=0, insufficient=13; updated 50 in 31 write group(s)
ROUVY (UCwftBpV0rLUY7RT4knGO3DQ): pool shorts=125 long-form=76; current baseline shorts=[views, likes, comments] long-form=[views, likes, comments]; young updated 43 (shorts=16, long-form=27, unknown-format=0)
  era: 288 mature video(s) -- 6mo=288, 12mo=0, fallback=0, insufficient=0; updated 288 in 226 write group(s)
rudyproject (UCssR_8UEzi4qU8pRWbPNJJw): pool shorts=0 long-form=5; current baseline shorts=[none] long-form=[none]; young updated 0 (shorts=0, long-form=0, unknown-format=0)
  era: 5 mature video(s) -- 6mo=0, 12mo=0, fallback=0, insufficient=5; updated 5 in 1 write group(s)
Running Addict (UCmCDB-4GipeUL6N9o4gJLqA): pool shorts=80 long-form=65; current baseline shorts=[views, likes, comments] long-form=[views, likes, comments]; young updated 38 (shorts=17, long-form=21, unknown-format=0)
  era: 205 mature video(s) -- 6mo=205, 12mo=0, fallback=0, insufficient=0; updated 205 in 172 write group(s)
SAFA Brian (UCX1cKCS0LURMO1wQWLfeiUg): pool shorts=34 long-form=47; current baseline shorts=[views, likes, comments] long-form=[views, likes, comments]; young updated 19 (shorts=4, long-form=15, unknown-format=0)
  era: 145 mature video(s) -- 6mo=142, 12mo=3, fallback=0, insufficient=0; updated 145 in 117 write group(s)
sailfish_triathlon (UC_jPTAGITmnmjhxJ_12VaXw): pool shorts=0 long-form=13; current baseline shorts=[none] long-form=[views, likes, comments]; young updated 2 (shorts=1, long-form=1, unknown-format=0)
  era: 20 mature video(s) -- 6mo=13, 12mo=7, fallback=0, insufficient=0; updated 20 in 5 write group(s)
Sally McRae (UC_zyfHGL6MWzm36l9TEWFRg): pool shorts=26 long-form=9; current baseline shorts=[views, likes, comments] long-form=[none]; young updated 17 (shorts=14, long-form=3, unknown-format=0)
  era: 55 mature video(s) -- 6mo=33, 12mo=16, fallback=0, insufficient=6; updated 55 in 36 write group(s)
Salomon TV (UCCH7Ny59oLRGfw3imhL0d7A): pool shorts=45 long-form=99; current baseline shorts=[views, likes, comments] long-form=[views, likes, comments]; young updated 28 (shorts=1, long-form=27, unknown-format=0)
  era: 409 mature video(s) -- 6mo=403, 12mo=6, fallback=0, insufficient=0; updated 409 in 325 write group(s)
Sam Laidlow - Triathlete (UCP6EsU9T2RykT1quNR5moeg): pool shorts=5 long-form=13; current baseline shorts=[none] long-form=[views, likes, comments]; young updated 5 (shorts=2, long-form=3, unknown-format=0)
  era: 53 mature video(s) -- 6mo=43, 12mo=5, fallback=0, insufficient=5; updated 53 in 42 write group(s)
Sam Long (UCuGZGcO5LvIH4u9g_2ZsHGQ): pool shorts=58 long-form=40; current baseline shorts=[views, likes, comments] long-form=[views, likes, comments]; young updated 9 (shorts=4, long-form=5, unknown-format=0)
  era: 114 mature video(s) -- 6mo=107, 12mo=6, fallback=1, insufficient=0; updated 114 in 86 write group(s)
Santini Cycling (UCRII0xg5mndCBd50WT7CayA): pool shorts=24 long-form=45; current baseline shorts=[views, likes, comments] long-form=[views, likes, comments]; young updated 17 (shorts=9, long-form=8, unknown-format=0)
  era: 118 mature video(s) -- 6mo=112, 12mo=6, fallback=0, insufficient=0; updated 118 in 65 write group(s)
Saucony (UCjOb4igA7lDMD5nduq_mrkA): pool shorts=34 long-form=31; current baseline shorts=[views, likes, comments] long-form=[views, likes, comments]; young updated 30 (shorts=11, long-form=19, unknown-format=0)
  era: 79 mature video(s) -- 6mo=0, 12mo=79, fallback=0, insufficient=0; updated 79 in 50 write group(s)
Science in Sport (UCYtXWBOTmJNcsVFE0DKybug): pool shorts=0 long-form=3; current baseline shorts=[none] long-form=[none]; young updated 4 (shorts=2, long-form=2, unknown-format=0)
  era: 22 mature video(s) -- 6mo=17, 12mo=2, fallback=0, insufficient=3; updated 22 in 9 write group(s)
SCOTT Sports (UCDfnam79n2tXXumz9i7jnIA): pool shorts=58 long-form=80; current baseline shorts=[views, likes, comments] long-form=[views, likes, comments]; young updated 136 (shorts=102, long-form=34, unknown-format=0)
  era: 227 mature video(s) -- 6mo=227, 12mo=0, fallback=0, insufficient=0; updated 227 in 181 write group(s)
SEMIPRO CYCLING (UCf1MP2O9vEPuibW49dw9PYw): pool shorts=4 long-form=78; current baseline shorts=[none] long-form=[views, likes, comments]; young updated 36 (shorts=15, long-form=21, unknown-format=0)
  era: 132 mature video(s) -- 6mo=125, 12mo=0, fallback=0, insufficient=7; updated 132 in 99 write group(s)
Seth James DeMoor (UCeSHo5kTvzoik4STh7MuMCA): pool shorts=48 long-form=184; current baseline shorts=[views, likes, comments] long-form=[views, likes, comments]; young updated 10 (shorts=2, long-form=8, unknown-format=0)
  era: 347 mature video(s) -- 6mo=334, 12mo=7, fallback=6, insufficient=0; updated 347 in 294 write group(s)
Shane Miller - GPLama (UCbcwZ8hm18GK6on_S_CgmFA): pool shorts=2 long-form=105; current baseline shorts=[none] long-form=[views, likes, comments]; young updated 24 (shorts=0, long-form=24, unknown-format=0)
  era: 221 mature video(s) -- 6mo=214, 12mo=0, fallback=0, insufficient=7; updated 221 in 189 write group(s)
Sidi (UCaFplT7jZpbzbPe8nTGHTUg): pool shorts=2 long-form=23; current baseline shorts=[none] long-form=[views, likes, comments]; young updated 1 (shorts=0, long-form=1, unknown-format=0)
  era: 29 mature video(s) -- 6mo=25, 12mo=2, fallback=0, insufficient=2; updated 29 in 12 write group(s)
Sigma Sports (UC87xDZXJ4YbTkz4vs0UiT-w): pool shorts=121 long-form=20; current baseline shorts=[views, likes, comments] long-form=[views, likes, comments]; young updated 52 (shorts=42, long-form=10, unknown-format=0)
  era: 199 mature video(s) -- 6mo=192, 12mo=7, fallback=0, insufficient=0; updated 199 in 157 write group(s)
SILCA Velo (UCHhgHOQoD_AQ84jYWfzWvAw): pool shorts=6 long-form=35; current baseline shorts=[none] long-form=[views, likes, comments]; young updated 31 (shorts=4, long-form=27, unknown-format=0)
  era: 87 mature video(s) -- 6mo=77, 12mo=0, fallback=0, insufficient=10; updated 87 in 50 write group(s)
Skills N' Talents (swimming) (UC8wwEsUeTG9cpzvWT5Dsdqw): pool shorts=69 long-form=41; current baseline shorts=[views, likes, comments] long-form=[views, likes, comments]; young updated 19 (shorts=18, long-form=1, unknown-format=0)
  era: 147 mature video(s) -- 6mo=147, 12mo=0, fallback=0, insufficient=0; updated 147 in 98 write group(s)
Skyrunning (UCRHCA0iiOZ_tbOowedaeK-A): pool shorts=5 long-form=55; current baseline shorts=[none] long-form=[views, likes, comments]; young updated 23 (shorts=4, long-form=19, unknown-format=0)
  era: 129 mature video(s) -- 6mo=123, 12mo=1, fallback=0, insufficient=5; updated 129 in 85 write group(s)
Soudal Quick-Step Pro Cycling Team (UCaq9glaC5kI626cMCBAwc3Q): pool shorts=17 long-form=42; current baseline shorts=[views, likes, comments] long-form=[views, likes, comments]; young updated 29 (shorts=14, long-form=15, unknown-format=0)
  era: 68 mature video(s) -- 6mo=43, 12mo=23, fallback=2, insufficient=0; updated 68 in 33 write group(s)
Specialized Bicycles (UCcrBtxD8xy2cxeXM7f-xihA): pool shorts=9 long-form=63; current baseline shorts=[none] long-form=[views, likes, comments]; young updated 46 (shorts=3, long-form=43, unknown-format=0)
  era: 148 mature video(s) -- 6mo=140, 12mo=8, fallback=0, insufficient=0; updated 148 in 112 write group(s)
Speedo (UCqdtb_1FtdBuEHVwXRPJwLA): pool shorts=5 long-form=6; current baseline shorts=[none] long-form=[none]; young updated 2 (shorts=1, long-form=1, unknown-format=0)
  era: 21 mature video(s) -- 6mo=0, 12mo=1, fallback=0, insufficient=20; updated 21 in 2 write group(s)
Sportful (UCWUC-ZZijYZI_QC4B58jydQ): pool shorts=1 long-form=4; current baseline shorts=[none] long-form=[none]; young updated 1 (shorts=0, long-form=1, unknown-format=0)
  era: 14 mature video(s) -- 6mo=0, 12mo=0, fallback=0, insufficient=14; updated 14 in 1 write group(s)
SRAM (UCZQhLgsgDObN7066d5rnDhw): pool shorts=37 long-form=37; current baseline shorts=[views, likes, comments] long-form=[views, likes, comments]; young updated 40 (shorts=31, long-form=9, unknown-format=0)
  era: 139 mature video(s) -- 6mo=136, 12mo=1, fallback=2, insufficient=0; updated 139 in 101 write group(s)
Stamina - Triathlon Training App (UC3rNSEiB3pnnxUI6NhZfz_w): pool shorts=18 long-form=0; current baseline shorts=[views, likes, comments] long-form=[none]; young updated 15 (shorts=15, long-form=0, unknown-format=0)
  era: 18 mature video(s) -- 6mo=18, 12mo=0, fallback=0, insufficient=0; updated 18 in 4 write group(s)
State Bicycle Co. (UCBjf0JkG-PmC359bnUZCjgA): pool shorts=2 long-form=13; current baseline shorts=[none] long-form=[views, likes, comments]; young updated 4 (shorts=1, long-form=3, unknown-format=0)
  era: 23 mature video(s) -- 6mo=2, 12mo=13, fallback=5, insufficient=3; updated 23 in 16 write group(s)
Strava (UCdO8l6B6yeRDcsP1snssTPw): pool shorts=0 long-form=9; current baseline shorts=[none] long-form=[none]; young updated 1 (shorts=1, long-form=0, unknown-format=0)
  era: 24 mature video(s) -- 6mo=12, 12mo=10, fallback=0, insufficient=2; updated 24 in 11 write group(s)
STYRKR (UCoJB5QikdFgJngaAMyDhBMA): pool shorts=30 long-form=17; current baseline shorts=[views, likes, comments] long-form=[views, likes, comments]; young updated 39 (shorts=31, long-form=8, unknown-format=0)
  era: 52 mature video(s) -- 6mo=34, 12mo=12, fallback=6, insufficient=0; updated 52 in 25 write group(s)
supertri (UC9GTUpGeWTxRdtAK6Jg_Jsw): pool shorts=115 long-form=69; current baseline shorts=[views, likes, comments] long-form=[views, likes, comments]; young updated 25 (shorts=12, long-form=13, unknown-format=0)
  era: 328 mature video(s) -- 6mo=328, 12mo=0, fallback=0, insufficient=0; updated 328 in 265 write group(s)
Suunto (UCEwgQGIA2RbRw26CDYoMp7Q): pool shorts=13 long-form=57; current baseline shorts=[views, likes, comments] long-form=[views, likes, comments]; young updated 21 (shorts=4, long-form=17, unknown-format=0)
  era: 101 mature video(s) -- 6mo=99, 12mo=1, fallback=1, insufficient=0; updated 101 in 75 write group(s)
Swim Smooth (UCvYroPAYomLefov_GAtVPkw): pool shorts=2 long-form=2; current baseline shorts=[none] long-form=[none]; young updated 1 (shorts=1, long-form=0, unknown-format=0)
  era: 38 mature video(s) -- 6mo=27, 12mo=1, fallback=0, insufficient=10; updated 38 in 15 write group(s)
Swimming Australia (UCQIm9EHOptR7FavmLpRgF_g): pool shorts=0 long-form=33; current baseline shorts=[none] long-form=[views, likes, comments]; young updated 43 (shorts=0, long-form=43, unknown-format=0)
  era: 33 mature video(s) -- 6mo=33, 12mo=0, fallback=0, insufficient=0; updated 33 in 13 write group(s)
Swimprove (UCVVAbhUGydn05zpsKi6nZMw): pool shorts=149 long-form=74; current baseline shorts=[views, likes, comments] long-form=[views, likes, comments]; young updated 81 (shorts=55, long-form=26, unknown-format=0)
  era: 355 mature video(s) -- 6mo=355, 12mo=0, fallback=0, insufficient=0; updated 355 in 308 write group(s)
SWIMVICE (UCCHCYJ2kw-4g-IVsEDIPe0Q): pool shorts=12 long-form=43; current baseline shorts=[views, likes, comments] long-form=[views, likes, comments]; young updated 5 (shorts=0, long-form=5, unknown-format=0)
  era: 118 mature video(s) -- 6mo=95, 12mo=15, fallback=8, insufficient=0; updated 118 in 87 write group(s)
T100 Triathlon World Tour (UCITB6kXrkXZBD9e_sHCVE1Q): pool shorts=247 long-form=224; current baseline shorts=[views, likes, comments] long-form=[views, likes, comments]; young updated 132 (shorts=81, long-form=51, unknown-format=0)
  era: 695 mature video(s) -- 6mo=695, 12mo=0, fallback=0, insufficient=0; updated 695 in 617 write group(s)
Team Bahrain Victorious (UCGWEFNaz9yY-tV0WU4gN9IA): pool shorts=5 long-form=4; current baseline shorts=[none] long-form=[none]; young updated 3 (shorts=0, long-form=3, unknown-format=0)
  era: 17 mature video(s) -- 6mo=0, 12mo=0, fallback=0, insufficient=17; updated 17 in 1 write group(s)
Team Charles-Barclay (UC6PP69DCmBwMCPf9RSSTNTg): pool shorts=19 long-form=27; current baseline shorts=[views, likes, comments] long-form=[views, likes, comments]; young updated 21 (shorts=11, long-form=10, unknown-format=0)
  era: 85 mature video(s) -- 6mo=75, 12mo=10, fallback=0, insufficient=0; updated 85 in 66 write group(s)
Team Cofidis (UCRKuYSZExqqFp6mYkxqTiUw): pool shorts=11 long-form=9; current baseline shorts=[views, likes, comments] long-form=[none]; young updated 9 (shorts=7, long-form=2, unknown-format=0)
  era: 26 mature video(s) -- 6mo=11, 12mo=0, fallback=2, insufficient=13; updated 26 in 7 write group(s)
Team Picnic PostNL (UCapgbPv9_dpBPgqqxShS7JA): pool shorts=144 long-form=53; current baseline shorts=[views, likes, comments] long-form=[views, likes, comments]; young updated 47 (shorts=41, long-form=6, unknown-format=0)
  era: 205 mature video(s) -- 6mo=198, 12mo=5, fallback=2, insufficient=0; updated 205 in 161 write group(s)
Team SD Worx-Protime (UCK2Fy-o74SXlRWcoMmYQKpw): pool shorts=0 long-form=13; current baseline shorts=[none] long-form=[views, likes, comments]; young updated 3 (shorts=2, long-form=1, unknown-format=0)
  era: 52 mature video(s) -- 6mo=39, 12mo=13, fallback=0, insufficient=0; updated 52 in 25 write group(s)
Team TotalEnergies (UC2fDRrhZe0cg_ugurpiRjgQ): pool shorts=3 long-form=105; current baseline shorts=[none] long-form=[views, likes, comments]; young updated 45 (shorts=1, long-form=44, unknown-format=0)
  era: 188 mature video(s) -- 6mo=177, 12mo=0, fallback=0, insufficient=11; updated 188 in 133 write group(s)
Team Visma | Lease a Bike (UCYzPindMiPA7J1OuyX3pCdg): pool shorts=22 long-form=59; current baseline shorts=[views, likes, comments] long-form=[views, likes, comments]; young updated 26 (shorts=7, long-form=19, unknown-format=0)
  era: 99 mature video(s) -- 6mo=96, 12mo=2, fallback=1, insufficient=0; updated 99 in 67 write group(s)
The Athlete Special (UCTVjyeSlm3sR3N1fx-NI-Kw): pool shorts=69 long-form=122; current baseline shorts=[views, likes, comments] long-form=[views, likes, comments]; young updated 35 (shorts=5, long-form=30, unknown-format=0)
  era: 280 mature video(s) -- 6mo=279, 12mo=1, fallback=0, insufficient=0; updated 280 in 227 write group(s)
THE DAILY TRI (UC54u52Zmy0Os2RJihw2FiwA): pool shorts=0 long-form=43; current baseline shorts=[none] long-form=[views, likes, comments]; young updated 10 (shorts=0, long-form=10, unknown-format=0)
  era: 127 mature video(s) -- 6mo=122, 12mo=5, fallback=0, insufficient=0; updated 127 in 98 write group(s)
The Feed  (UCYpC970OxhpgEqLZKaDTIoA): pool shorts=71 long-form=39; current baseline shorts=[views, likes, comments] long-form=[views, likes, comments]; young updated 5 (shorts=1, long-form=4, unknown-format=0)
  era: 335 mature video(s) -- 6mo=335, 12mo=0, fallback=0, insufficient=0; updated 335 in 187 write group(s)
The FRENCH Swim Coach (UCszmusaG09e0Kb1h2Vy7EGQ): pool shorts=92 long-form=7; current baseline shorts=[views, likes, comments] long-form=[none]; young updated 0 (shorts=0, long-form=0, unknown-format=0)
  era: 154 mature video(s) -- 6mo=144, 12mo=4, fallback=0, insufficient=6; updated 154 in 105 write group(s)
The Roadman Podcast (UCkRq6Nr_yEdn5493tXTOo6w): pool shorts=23 long-form=139; current baseline shorts=[views, likes, comments] long-form=[views, likes, comments]; young updated 59 (shorts=20, long-form=39, unknown-format=0)
  era: 282 mature video(s) -- 6mo=281, 12mo=0, fallback=1, insufficient=0; updated 282 in 199 write group(s)
The Running Channel (UCX7dV4OPDSutwMUauSD5AAA): pool shorts=349 long-form=204; current baseline shorts=[views, likes, comments] long-form=[views, likes, comments]; young updated 115 (shorts=86, long-form=29, unknown-format=0)
  era: 954 mature video(s) -- 6mo=954, 12mo=0, fallback=0, insufficient=0; updated 954 in 862 write group(s)
The Triathlon Hour (UCEm-g2Xua2xwoKk6Z--tCtg): pool shorts=0 long-form=2; current baseline shorts=[none] long-form=[none]; young updated 4 (shorts=0, long-form=4, unknown-format=0)
  era: 3 mature video(s) -- 6mo=0, 12mo=0, fallback=0, insufficient=3; updated 3 in 1 write group(s)
TheGingerRunner (UCSxqXJj9btSS3nrmBg8GXdQ): pool shorts=19 long-form=14; current baseline shorts=[views, likes, comments] long-form=[views, likes, comments]; young updated 0 (shorts=0, long-form=0, unknown-format=0)
  era: 58 mature video(s) -- 6mo=46, 12mo=10, fallback=2, insufficient=0; updated 58 in 36 write group(s)
theraceclub (UCDic_JQLVw9JK_iJMyIna8w): pool shorts=264 long-form=8; current baseline shorts=[views, likes, comments] long-form=[none]; young updated 119 (shorts=117, long-form=2, unknown-format=0)
  era: 358 mature video(s) -- 6mo=349, 12mo=5, fallback=0, insufficient=4; updated 358 in 290 write group(s)
TheSwimsuitGuy (UC19IFHqC5hd33dPgF7MweeQ): pool shorts=111 long-form=95; current baseline shorts=[views, likes, comments] long-form=[views, likes, comments]; young updated 33 (shorts=18, long-form=15, unknown-format=0)
  era: 608 mature video(s) -- 6mo=608, 12mo=0, fallback=0, insufficient=0; updated 608 in 504 write group(s)
This Messy Happy (UCnnOksyxFnRBGHK1ZyLRJGA): pool shorts=11 long-form=115; current baseline shorts=[views, likes, comments] long-form=[views, likes, comments]; young updated 70 (shorts=27, long-form=43, unknown-format=0)
  era: 204 mature video(s) -- 6mo=203, 12mo=0, fallback=1, insufficient=0; updated 204 in 177 write group(s)
Tibor Del Grosso (UCGhXGXdzLuD93mCWrlHi2ug): pool shorts=1 long-form=5; current baseline shorts=[none] long-form=[none]; young updated 2 (shorts=0, long-form=2, unknown-format=0)
  era: 11 mature video(s) -- 6mo=0, 12mo=0, fallback=0, insufficient=11; updated 11 in 1 write group(s)
TIME Bicycles (UClYgUipE1wErL6vRwmOx63A): pool shorts=3 long-form=3; current baseline shorts=[none] long-form=[none]; young updated 0 (shorts=0, long-form=0, unknown-format=0)
  era: 6 mature video(s) -- 6mo=0, 12mo=0, fallback=0, insufficient=6; updated 6 in 1 write group(s)
Tinman Elite (UCTxG34nhYtkLW8jh2Su9Y7w): pool shorts=0 long-form=13; current baseline shorts=[none] long-form=[views, likes, comments]; young updated 0 (shorts=0, long-form=0, unknown-format=0)
  era: 40 mature video(s) -- 6mo=34, 12mo=6, fallback=0, insufficient=0; updated 40 in 26 write group(s)
TNT Sports Cycling (UCfDfvvMARk4TKcC62ALi6eA): pool shorts=3595 long-form=1278; current baseline shorts=[views, likes, comments] long-form=[views, likes, comments]; young updated 2511 (shorts=1889, long-form=622, unknown-format=0)
  era: 7035 mature video(s) -- 6mo=7035, 12mo=0, fallback=0, insufficient=0; updated 7035 in 6002 write group(s)
TORQ Fitness (UCeNw6yPnjkxBIHP1KbP9wLQ): pool shorts=4 long-form=11; current baseline shorts=[none] long-form=[views, likes, comments]; young updated 13 (shorts=6, long-form=7, unknown-format=0)
  era: 25 mature video(s) -- 6mo=0, 12mo=1, fallback=14, insufficient=10; updated 25 in 3 write group(s)
Tour de France (UCSpycUnuU0IVF7gGIhGojhg): pool shorts=70 long-form=754; current baseline shorts=[views, likes, comments] long-form=[views, likes, comments]; young updated 714 (shorts=131, long-form=583, unknown-format=0)
  era: 1505 mature video(s) -- 6mo=1501, 12mo=4, fallback=0, insufficient=0; updated 1505 in 1168 write group(s)
Tour de Tietema (UC2Eoq7vf4LmK7_wFs6TiMXw): pool shorts=18 long-form=34; current baseline shorts=[views, likes, comments] long-form=[views, likes, comments]; young updated 23 (shorts=17, long-form=6, unknown-format=0)
  era: 110 mature video(s) -- 6mo=108, 12mo=2, fallback=0, insufficient=0; updated 110 in 70 write group(s)
Tradeinn LAB (UCQvHG5zVBvfj8Nxpatm9fOA): pool shorts=17 long-form=10; current baseline shorts=[views, likes, comments] long-form=[views, likes, comments]; young updated 1 (shorts=0, long-form=1, unknown-format=0)
  era: 41 mature video(s) -- 6mo=23, 12mo=16, fallback=2, insufficient=0; updated 41 in 24 write group(s)
TrainerRoad (UCUEgvvBLzofhVioM646L6Yg): pool shorts=21 long-form=92; current baseline shorts=[views, likes, comments] long-form=[views, likes, comments]; young updated 23 (shorts=1, long-form=22, unknown-format=0)
  era: 219 mature video(s) -- 6mo=219, 12mo=0, fallback=0, insufficient=0; updated 219 in 161 write group(s)
TrainingPeaks (UCLasRuEwYys3CeBhn3NXFXw): pool shorts=88 long-form=83; current baseline shorts=[views, likes, comments] long-form=[views, likes, comments]; young updated 64 (shorts=43, long-form=21, unknown-format=0)
  era: 196 mature video(s) -- 6mo=183, 12mo=12, fallback=1, insufficient=0; updated 196 in 153 write group(s)
Trek Bicycle (UCD9U24ny8q-mh25gCWfjV9g): pool shorts=13 long-form=46; current baseline shorts=[views, likes, comments] long-form=[views, likes, comments]; young updated 43 (shorts=25, long-form=18, unknown-format=0)
  era: 123 mature video(s) -- 6mo=114, 12mo=5, fallback=4, insufficient=0; updated 123 in 92 write group(s)
trenton Sandler (UCnSaiuthEvlbMC6sFRKYVBw): pool shorts=126 long-form=42; current baseline shorts=[views, likes, comments] long-form=[views, likes, comments]; young updated 27 (shorts=15, long-form=12, unknown-format=0)
  era: 230 mature video(s) -- 6mo=230, 12mo=0, fallback=0, insufficient=0; updated 230 in 185 write group(s)
triathlon.de Videos (UC6_OUDem_Ye0kbNFRbfn2Mw): pool shorts=0 long-form=0; current baseline shorts=[none] long-form=[none]; young updated 1 (shorts=1, long-form=0, unknown-format=0)
  era: 0 mature video(s) -- 6mo=0, 12mo=0, fallback=0, insufficient=0; updated 0 in 0 write group(s)
TriDot Triathlon Training (UCsYKYZyG9K3lh2ltz6nHt5g): pool shorts=0 long-form=72; current baseline shorts=[none] long-form=[views, likes, comments]; young updated 47 (shorts=27, long-form=20, unknown-format=0)
  era: 225 mature video(s) -- 6mo=225, 12mo=0, fallback=0, insufficient=0; updated 225 in 89 write group(s)
tririg (UCyjPvhZsIFB7RwvBmKMP2_w): pool shorts=38 long-form=65; current baseline shorts=[views, likes, comments] long-form=[views, likes, comments]; young updated 10 (shorts=0, long-form=10, unknown-format=0)
  era: 155 mature video(s) -- 6mo=149, 12mo=6, fallback=0, insufficient=0; updated 155 in 116 write group(s)
tristantakevideo (UCEFhmF6U2N6P_Liw0Sh7psA): pool shorts=11 long-form=20; current baseline shorts=[views, likes, comments] long-form=[views, likes, comments]; young updated 13 (shorts=8, long-form=5, unknown-format=0)
  era: 52 mature video(s) -- 6mo=35, 12mo=14, fallback=3, insufficient=0; updated 52 in 37 write group(s)
TTL (UC8Wjskc9fSkYLporjscGIBQ): pool shorts=6 long-form=32; current baseline shorts=[none] long-form=[views, likes, comments]; young updated 10 (shorts=1, long-form=9, unknown-format=0)
  era: 77 mature video(s) -- 6mo=64, 12mo=2, fallback=0, insufficient=11; updated 77 in 52 write group(s)
Tudor Pro Cycling (UCBjHfxvSHxFzPhhQAqtW1qw): pool shorts=23 long-form=20; current baseline shorts=[views, likes, comments] long-form=[views, likes, comments]; young updated 55 (shorts=44, long-form=11, unknown-format=0)
  era: 57 mature video(s) -- 6mo=47, 12mo=8, fallback=2, insufficient=0; updated 57 in 28 write group(s)
Tyler Speers (UCqd3QevRdevz7DLOx6uK8bQ): pool shorts=0 long-form=9; current baseline shorts=[none] long-form=[none]; young updated 13 (shorts=9, long-form=4, unknown-format=0)
  era: 24 mature video(s) -- 6mo=15, 12mo=4, fallback=0, insufficient=5; updated 24 in 15 write group(s)
TYR Sport  (UCgp82YMYjMX4O8Ze5JlZd3Q): pool shorts=25 long-form=24; current baseline shorts=[views, likes, comments] long-form=[views, likes, comments]; young updated 57 (shorts=41, long-form=16, unknown-format=0)
  era: 49 mature video(s) -- 6mo=47, 12mo=2, fallback=0, insufficient=0; updated 49 in 29 write group(s)
UAE Team Emirates - XRG (UCXvTRxB0fMHTm9NKdOGOBOg): pool shorts=0 long-form=48; current baseline shorts=[none] long-form=[views, likes, comments]; young updated 26 (shorts=0, long-form=26, unknown-format=0)
  era: 84 mature video(s) -- 6mo=82, 12mo=2, fallback=0, insufficient=0; updated 84 in 61 write group(s)
UAE Team L'IMAD (UCanLLJE4UbRvp_K5BhsKsSw): pool shorts=8 long-form=23; current baseline shorts=[none] long-form=[views, likes, comments]; young updated 54 (shorts=13, long-form=41, unknown-format=0)
  era: 105 mature video(s) -- 6mo=97, 12mo=6, fallback=0, insufficient=2; updated 105 in 56 write group(s)
UCI (UCloqTh1nPpW13LCntQglS-Q): pool shorts=651 long-form=473; current baseline shorts=[views, likes, comments] long-form=[views, likes, comments]; young updated 358 (shorts=267, long-form=91, unknown-format=0)
  era: 1564 mature video(s) -- 6mo=1564, 12mo=0, fallback=0, insufficient=0; updated 1564 in 1325 write group(s)
Unibet Rose Rockets (UC0k1SRsGd6THnCvsMulf2YA): pool shorts=60 long-form=88; current baseline shorts=[views, likes, comments] long-form=[views, likes, comments]; young updated 185 (shorts=118, long-form=67, unknown-format=0)
  era: 223 mature video(s) -- 6mo=218, 12mo=4, fallback=1, insufficient=0; updated 223 in 175 write group(s)
Uno-X Mobility (UCAb8kAHNXu76kxkXa-yQolA): pool shorts=6 long-form=11; current baseline shorts=[none] long-form=[views, likes, comments]; young updated 7 (shorts=1, long-form=6, unknown-format=0)
  era: 39 mature video(s) -- 6mo=23, 12mo=8, fallback=2, insufficient=6; updated 39 in 13 write group(s)
USA Swimming (UCznRyLyXK9QWHs05PK2MGBQ): pool shorts=58 long-form=168; current baseline shorts=[views, likes, comments] long-form=[views, likes, comments]; young updated 371 (shorts=86, long-form=285, unknown-format=0)
  era: 435 mature video(s) -- 6mo=433, 12mo=0, fallback=2, insufficient=0; updated 435 in 330 write group(s)
UTMB®  World Series (UCbBVRJq3H6yRvC9G6xBLJZw): pool shorts=282 long-form=227; current baseline shorts=[views, likes, comments] long-form=[views, likes, comments]; young updated 366 (shorts=270, long-form=96, unknown-format=0)
  era: 697 mature video(s) -- 6mo=697, 12mo=0, fallback=0, insufficient=0; updated 697 in 559 write group(s)
uvex sports (UCrXkvhcGwFBvpRn1zVKiJsQ): pool shorts=6 long-form=22; current baseline shorts=[none] long-form=[views, likes, comments]; young updated 8 (shorts=0, long-form=8, unknown-format=0)
  era: 68 mature video(s) -- 6mo=46, 12mo=21, fallback=1, insufficient=0; updated 68 in 42 write group(s)
VAN RYSEL (UCbwOVb9NQu4lU_5wwUsblQQ): pool shorts=26 long-form=17; current baseline shorts=[views, likes, comments] long-form=[views, likes, comments]; young updated 12 (shorts=3, long-form=9, unknown-format=0)
  era: 62 mature video(s) -- 6mo=53, 12mo=9, fallback=0, insufficient=0; updated 62 in 35 write group(s)
VAUDE (UCWyGoCWj9tKYwcRGFS54hpg): pool shorts=30 long-form=118; current baseline shorts=[views, likes, comments] long-form=[views, likes, comments]; young updated 65 (shorts=33, long-form=32, unknown-format=0)
  era: 202 mature video(s) -- 6mo=198, 12mo=4, fallback=0, insufficient=0; updated 202 in 106 write group(s)
Veloforte (UC7l19Fu2SZYeWc7qVNL-VMQ): pool shorts=153 long-form=6; current baseline shorts=[views, likes, comments] long-form=[none]; young updated 52 (shorts=46, long-form=6, unknown-format=0)
  era: 331 mature video(s) -- 6mo=322, 12mo=5, fallback=0, insufficient=4; updated 331 in 214 write group(s)
Ventum (UCLVrUtr6KfUDT-tHgr5x_tQ): pool shorts=0 long-form=3; current baseline shorts=[none] long-form=[none]; young updated 2 (shorts=0, long-form=2, unknown-format=0)
  era: 8 mature video(s) -- 6mo=0, 12mo=0, fallback=0, insufficient=8; updated 8 in 1 write group(s)
VISION (UCvT2LT7UoqO1nolpONmUf3w): pool shorts=6 long-form=29; current baseline shorts=[none] long-form=[views, likes, comments]; young updated 20 (shorts=10, long-form=10, unknown-format=0)
  era: 51 mature video(s) -- 6mo=44, 12mo=0, fallback=0, insufficient=7; updated 51 in 31 write group(s)
Vo2maxProductions (UCh_w_vLvlZNBeTAP8qaWhoA): pool shorts=112 long-form=64; current baseline shorts=[views, likes, comments] long-form=[views, likes, comments]; young updated 56 (shorts=37, long-form=19, unknown-format=0)
  era: 272 mature video(s) -- 6mo=272, 12mo=0, fallback=0, insufficient=0; updated 272 in 221 write group(s)
Wahoo Fitness (UCvZevznlxXO111Wq2EYAlLw): pool shorts=4 long-form=30; current baseline shorts=[none] long-form=[views, likes, comments]; young updated 3 (shorts=0, long-form=3, unknown-format=0)
  era: 54 mature video(s) -- 6mo=46, 12mo=4, fallback=0, insufficient=4; updated 54 in 38 write group(s)
Wanda Diamond League (UC6PZm2HZT3uOL1Z9F203K4g): pool shorts=471 long-form=410; current baseline shorts=[views, likes, comments] long-form=[views, likes, comments]; young updated 578 (shorts=219, long-form=359, unknown-format=0)
  era: 1488 mature video(s) -- 6mo=1488, 12mo=0, fallback=0, insufficient=0; updated 1488 in 1247 write group(s)
Western States 100 (UCMPMIJGEZ978P4Sr4VoAQEg): pool shorts=0 long-form=13; current baseline shorts=[none] long-form=[views, likes, comments]; young updated 19 (shorts=0, long-form=19, unknown-format=0)
  era: 28 mature video(s) -- 6mo=1, 12mo=23, fallback=0, insufficient=4; updated 28 in 15 write group(s)
WHOOP (UCcdxzpFrj3uRPh96GrUIoOQ): pool shorts=344 long-form=132; current baseline shorts=[views, likes, comments] long-form=[views, likes, comments]; young updated 110 (shorts=57, long-form=53, unknown-format=0)
  era: 730 mature video(s) -- 6mo=730, 12mo=0, fallback=0, insufficient=0; updated 730 in 572 write group(s)
Wilier Triestina (UCwyOlFkl1F6y_fzSVoEzJ8w): pool shorts=9 long-form=17; current baseline shorts=[none] long-form=[views, likes, comments]; young updated 5 (shorts=1, long-form=4, unknown-format=0)
  era: 41 mature video(s) -- 6mo=19, 12mo=13, fallback=0, insufficient=9; updated 41 in 27 write group(s)
World Aquatics (UCZko_COpTM4_d2kPrxZfzFg): pool shorts=512 long-form=533; current baseline shorts=[views, likes, comments] long-form=[views, likes, comments]; young updated 378 (shorts=133, long-form=245, unknown-format=0)
  era: 1587 mature video(s) -- 6mo=1587, 12mo=0, fallback=0, insufficient=0; updated 1587 in 1290 write group(s)
World Athletics (UCQk7fWv15ChjMJLCRVmtApw): pool shorts=287 long-form=555; current baseline shorts=[views, likes, comments] long-form=[views, likes, comments]; young updated 668 (shorts=356, long-form=312, unknown-format=0)
  era: 1348 mature video(s) -- 6mo=1348, 12mo=0, fallback=0, insufficient=0; updated 1348 in 1114 write group(s)
World Trail Majors (UCmxj0gZW1PVvgnBwFX9ibrg): pool shorts=3 long-form=52; current baseline shorts=[none] long-form=[views, likes, comments]; young updated 11 (shorts=7, long-form=4, unknown-format=0)
  era: 79 mature video(s) -- 6mo=76, 12mo=0, fallback=0, insufficient=3; updated 79 in 55 write group(s)
World Triathlon (UCXRVKD6l-LrX5TmGJqQFFoQ): pool shorts=352 long-form=290; current baseline shorts=[views, likes, comments] long-form=[views, likes, comments]; young updated 231 (shorts=131, long-form=100, unknown-format=0)
  era: 997 mature video(s) -- 6mo=997, 12mo=0, fallback=0, insufficient=0; updated 997 in 753 write group(s)
XDS Astana Team (UCqRblzZ5O8L2OzulP1yTQTg): pool shorts=55 long-form=13; current baseline shorts=[views, likes, comments] long-form=[views, likes, comments]; young updated 15 (shorts=14, long-form=1, unknown-format=0)
  era: 90 mature video(s) -- 6mo=69, 12mo=18, fallback=3, insufficient=0; updated 90 in 65 write group(s)
XTERRA (UCtUEzXAUoOwSPEeGrOdUIKQ): pool shorts=1 long-form=75; current baseline shorts=[none] long-form=[views, likes, comments]; young updated 21 (shorts=7, long-form=14, unknown-format=0)
  era: 183 mature video(s) -- 6mo=179, 12mo=0, fallback=0, insufficient=4; updated 183 in 140 write group(s)
Zipp (UCajyP_LyMVUfzyxp5nP0xkg): pool shorts=128 long-form=367; current baseline shorts=[views, likes, comments] long-form=[views, likes, comments]; young updated 189 (shorts=54, long-form=135, unknown-format=0)
  era: 767 mature video(s) -- 6mo=767, 12mo=0, fallback=0, insufficient=0; updated 767 in 656 write group(s)
Zoggs (UCJeBz7EfYJNbL95C7qDEIZg): pool shorts=10 long-form=31; current baseline shorts=[views, likes] long-form=[views, likes, comments]; young updated 9 (shorts=0, long-form=9, unknown-format=0)
  era: 82 mature video(s) -- 6mo=66, 12mo=14, fallback=2, insufficient=0; updated 82 in 41 write group(s)
ZONE3 (UCGp8UpMkv_ZL6QP5DEgklzg): pool shorts=13 long-form=4; current baseline shorts=[views] long-form=[none]; young updated 15 (shorts=14, long-form=1, unknown-format=0)
  era: 40 mature video(s) -- 6mo=0, 12mo=32, fallback=1, insufficient=7; updated 40 in 15 write group(s)
Zoot Sports (UC4uOjtGg5cAiFdEzPuPceIA): pool shorts=3 long-form=17; current baseline shorts=[none] long-form=[views, likes, comments]; young updated 18 (shorts=0, long-form=18, unknown-format=0)
  era: 27 mature video(s) -- 6mo=11, 12mo=9, fallback=4, insufficient=3; updated 27 in 13 write group(s)
Zwift (UCeOCqLG5Wy65aiENWfuFzUQ): pool shorts=228 long-form=49; current baseline shorts=[views, likes, comments] long-form=[views, likes, comments]; young updated 72 (shorts=68, long-form=4, unknown-format=0)
  era: 384 mature video(s) -- 6mo=383, 12mo=1, fallback=0, insufficient=0; updated 384 in 305 write group(s)

--- Summary ---
Channels processed: 342
Channels where a format had no current baseline: 174
Current baseline -- videos updated: 20599, left insufficient: 701
Era baseline -- 6-month window: 74145, 12-month window: 2342, fallback to current: 293, insufficient: 921, videos updated: 77701
